id,title,description,availability,availability date,expiration date,link,mobile link,image link,price,sale price,sale price effective date,identifier exists,gtin,mpn,brand,product highlight,product detail,additional image link,condition,adult,color,size,size type,size system,gender,material,pattern,age group,multipack,is bundle,unit pricing measure,unit pricing base measure,energy efficiency class,min energy efficiency class,min energy efficiency class,item group id,sell on google quantity
1-XS-White,The Saints Club Tee - White - XS,Exclusive Saints Club tee featuring premium cotton construction and iconic Saint Ventura branding. A must-have for true streetwear enthusiasts.,in_stock,,,https://saintventura.co.za/index.html,,https://dl.dropboxusercontent.com/scl/fi/j0pgw2egryb9f0470f3p3/1-2.png?rlkey=xaw4k5w0yhwswfae3pi1n0g2r&st=vnlwftci&dl=1,550.00 ZAR,,,no,,,Saint Ventura,"'100% Premium Cotton', 'Screen-printed graphics', 'Oversized fit'","Material:Composition:100% Premium Cotton, Features:Detail:Screen-printed graphics, Features:Detail:Oversized fit, Features:Detail:Dropped shoulders",https://dl.dropboxusercontent.com/scl/fi/zz0b97q19mm561t44ksj2/1-1.png?rlkey=kinak1p66dy82z8qgah2av2jd&st=vt0bzo6m&dl=1,new,no,White,XS,,,unisex,100% Premium Cotton,Graphic Print,adult,,,,,,,,1,
1-S-White,The Saints Club Tee - White - S,Exclusive Saints Club tee featuring premium cotton construction and iconic Saint Ventura branding. A must-have for true streetwear enthusiasts.,in_stock,,,https://saintventura.co.za/index.html,,https://dl.dropboxusercontent.com/scl/fi/j0pgw2egryb9f0470f3p3/1-2.png?rlkey=xaw4k5w0yhwswfae3pi1n0g2r&st=vnlwftci&dl=1,550.00 ZAR,,,no,,,Saint Ventura,"'100% Premium Cotton', 'Screen-printed graphics', 'Oversized fit'","Material:Composition:100% Premium Cotton, Features:Detail:Screen-printed graphics, Features:Detail:Oversized fit, Features:Detail:Dropped shoulders",https://dl.dropboxusercontent.com/scl/fi/zz0b97q19mm561t44ksj2/1-1.png?rlkey=kinak1p66dy82z8qgah2av2jd&st=vt0bzo6m&dl=1,new,no,White,S,,,unisex,100% Premium Cotton,Graphic Print,adult,,,,,,,,1,
1-M-White,The Saints Club Tee - White - M,Exclusive Saints Club tee featuring premium cotton construction and iconic Saint Ventura branding. A must-have for true streetwear enthusiasts.,in_stock,,,https://saintventura.co.za/index.html,,https://dl.dropboxusercontent.com/scl/fi/j0pgw2egryb9f0470f3p3/1-2.png?rlkey=xaw4k5w0yhwswfae3pi1n0g2r&st=vnlwftci&dl=1,550.00 ZAR,,,no,,,Saint Ventura,"'100% Premium Cotton', 'Screen-printed graphics', 'Oversized fit'","Material:Composition:100% Premium Cotton, Features:Detail:Screen-printed graphics, Features:Detail:Oversized fit, Features:Detail:Dropped shoulders",https://dl.dropboxusercontent.com/scl/fi/zz0b97q19mm561t44ksj2/1-1.png?rlkey=kinak1p66dy82z8qgah2av2jd&st=vt0bzo6m&dl=1,new,no,White,M,,,unisex,100% Premium Cotton,Graphic Print,adult,,,,,,,,1,
1-L-White,The Saints Club Tee - White - L,Exclusive Saints Club tee featuring premium cotton construction and iconic Saint Ventura branding. A must-have for true streetwear enthusiasts.,in_stock,,,https://saintventura.co.za/index.html,,https://dl.dropboxusercontent.com/scl/fi/j0pgw2egryb9f0470f3p3/1-2.png?rlkey=xaw4k5w0yhwswfae3pi1n0g2r&st=vnlwftci&dl=1,550.00 ZAR,,,no,,,Saint Ventura,"'100% Premium Cotton', 'Screen-printed graphics', 'Oversized fit'","Material:Composition:100% Premium Cotton, Features:Detail:Screen-printed graphics, Features:Detail:Oversized fit, Features:Detail:Dropped shoulders",https://dl.dropboxusercontent.com/scl/fi/zz0b97q19mm561t44ksj2/1-1.png?rlkey=kinak1p66dy82z8qgah2av2jd&st=vt0bzo6m&dl=1,new,no,White,L,,,unisex,100% Premium Cotton,Graphic Print,adult,,,,,,,,1,
1-XL-White,The Saints Club Tee - White - XL,Exclusive Saints Club tee featuring premium cotton construction and iconic Saint Ventura branding. A must-have for true streetwear enthusiasts.,in_stock,,,https://saintventura.co.za/index.html,,https://dl.dropboxusercontent.com/scl/fi/j0pgw2egryb9f0470f3p3/1-2.png?rlkey=xaw4k5w0yhwswfae3pi1n0g2r&st=vnlwftci&dl=1,550.00 ZAR,,,no,,,Saint Ventura,"'100% Premium Cotton', 'Screen-printed graphics', 'Oversized fit'","Material:Composition:100% Premium Cotton, Features:Detail:Screen-printed graphics, Features:Detail:Oversized fit, Features:Detail:Dropped shoulders",https://dl.dropboxusercontent.com/scl/fi/zz0b97q19mm561t44ksj2/1-1.png?rlkey=kinak1p66dy82z8qgah2av2jd&st=vt0bzo6m&dl=1,new,no,White,XL,,,unisex,100% Premium Cotton,Graphic Print,adult,,,,,,,,1,
1-XXL-White,The Saints Club Tee - White - XXL,Exclusive Saints Club tee featuring premium cotton construction and iconic Saint Ventura branding. A must-have for true streetwear enthusiasts.,in_stock,,,https://saintventura.co.za/index.html,,https://dl.dropboxusercontent.com/scl/fi/j0pgw2egryb9f0470f3p3/1-2.png?rlkey=xaw4k5w0yhwswfae3pi1n0g2r&st=vnlwftci&dl=1,550.00 ZAR,,,no,,,Saint Ventura,"'100% Premium Cotton', 'Screen-printed graphics', 'Oversized fit'","Material:Composition:100% Premium Cotton, Features:Detail:Screen-printed graphics, Features:Detail:Oversized fit, Features:Detail:Dropped shoulders",https://dl.dropboxusercontent.com/scl/fi/zz0b97q19mm561t44ksj2/1-1.png?rlkey=kinak1p66dy82z8qgah2av2jd&st=vt0bzo6m&dl=1,new,no,White,XXL,,,unisex,100% Premium Cotton,Graphic Print,adult,,,,,,,,1,
2-XS-Black,SV Till I R.I.P Tee - Black - XS,Bold statement tee with the iconic 'SV Till I R.I.P' graphic. Made from premium cotton with a comfortable fit and striking design.,in_stock,,,https://saintventura.co.za/index.html,,https://dl.dropboxusercontent.com/scl/fi/6ribhwbytdqfqva6jgf3s/1-16.png?rlkey=s61uev3dxmsmo4coifrqtozge&st=z3y4nuri&dl=1,500.00 ZAR,,,no,,,Saint Ventura,"'100% Premium Cotton', 'Bold graphic print', 'Oversized fit'","Material:Composition:100% Premium Cotton, Features:Detail:Bold graphic print, Features:Detail:Oversized fit, Features:Detail:Dropped shoulders",https://dl.dropboxusercontent.com/scl/fi/2ma5ldkyiam6dm947eg8f/1-14.png?rlkey=0xb8p0qyps0st9t4z3ez47fm9&st=y2q4jni7&dl=1,new,no,Black,XS,,,unisex,100% Premium Cotton,Graphic Print,adult,,,,,,,,2,
2-S-Black,SV Till I R.I.P Tee - Black - S,Bold statement tee with the iconic 'SV Till I R.I.P' graphic. Made from premium cotton with a comfortable fit and striking design.,in_stock,,,https://saintventura.co.za/index.html,,https://dl.dropboxusercontent.com/scl/fi/6ribhwbytdqfqva6jgf3s/1-16.png?rlkey=s61uev3dxmsmo4coifrqtozge&st=z3y4nuri&dl=1,500.00 ZAR,,,no,,,Saint Ventura,"'100% Premium Cotton', 'Bold graphic print', 'Oversized fit'","Material:Composition:100% Premium Cotton, Features:Detail:Bold graphic print, Features:Detail:Oversized fit, Features:Detail:Dropped shoulders",https://dl.dropboxusercontent.com/scl/fi/2ma5ldkyiam6dm947eg8f/1-14.png?rlkey=0xb8p0qyps0st9t4z3ez47fm9&st=y2q4jni7&dl=1,new,no,Black,S,,,unisex,100% Premium Cotton,Graphic Print,adult,,,,,,,,2,
2-M-Black,SV Till I R.I.P Tee - Black - M,Bold statement tee with the iconic 'SV Till I R.I.P' graphic. Made from premium cotton with a comfortable fit and striking design.,in_stock,,,https://saintventura.co.za/index.html,,https://dl.dropboxusercontent.com/scl/fi/6ribhwbytdqfqva6jgf3s/1-16.png?rlkey=s61uev3dxmsmo4coifrqtozge&st=z3y4nuri&dl=1,500.00 ZAR,,,no,,,Saint Ventura,"'100% Premium Cotton', 'Bold graphic print', 'Oversized fit'","Material:Composition:100% Premium Cotton, Features:Detail:Bold graphic print, Features:Detail:Oversized fit, Features:Detail:Dropped shoulders",https://dl.dropboxusercontent.com/scl/fi/2ma5ldkyiam6dm947eg8f/1-14.png?rlkey=0xb8p0qyps0st9t4z3ez47fm9&st=y2q4jni7&dl=1,new,no,Black,M,,,unisex,100% Premium Cotton,Graphic Print,adult,,,,,,,,2,
2-L-Black,SV Till I R.I.P Tee - Black - L,Bold statement tee with the iconic 'SV Till I R.I.P' graphic. Made from premium cotton with a comfortable fit and striking design.,in_stock,,,https://saintventura.co.za/index.html,,https://dl.dropboxusercontent.com/scl/fi/6ribhwbytdqfqva6jgf3s/1-16.png?rlkey=s61uev3dxmsmo4coifrqtozge&st=z3y4nuri&dl=1,500.00 ZAR,,,no,,,Saint Ventura,"'100% Premium Cotton', 'Bold graphic print', 'Oversized fit'","Material:Composition:100% Premium Cotton, Features:Detail:Bold graphic print, Features:Detail:Oversized fit, Features:Detail:Dropped shoulders",https://dl.dropboxusercontent.com/scl/fi/2ma5ldkyiam6dm947eg8f/1-14.png?rlkey=0xb8p0qyps0st9t4z3ez47fm9&st=y2q4jni7&dl=1,new,no,Black,L,,,unisex,100% Premium Cotton,Graphic Print,adult,,,,,,,,2,
2-XL-Black,SV Till I R.I.P Tee - Black - XL,Bold statement tee with the iconic 'SV Till I R.I.P' graphic. Made from premium cotton with a comfortable fit and striking design.,in_stock,,,https://saintventura.co.za/index.html,,https://dl.dropboxusercontent.com/scl/fi/6ribhwbytdqfqva6jgf3s/1-16.png?rlkey=s61uev3dxmsmo4coifrqtozge&st=z3y4nuri&dl=1,500.00 ZAR,,,no,,,Saint Ventura,"'100% Premium Cotton', 'Bold graphic print', 'Oversized fit'","Material:Composition:100% Premium Cotton, Features:Detail:Bold graphic print, Features:Detail:Oversized fit, Features:Detail:Dropped shoulders",https://dl.dropboxusercontent.com/scl/fi/2ma5ldkyiam6dm947eg8f/1-14.png?rlkey=0xb8p0qyps0st9t4z3ez47fm9&st=y2q4jni7&dl=1,new,no,Black,XL,,,unisex,100% Premium Cotton,Graphic Print,adult,,,,,,,,2,
2-XXL-Black,SV Till I R.I.P Tee - Black - XXL,Bold statement tee with the iconic 'SV Till I R.I.P' graphic. Made from premium cotton with a comfortable fit and striking design.,in_stock,,,https://saintventura.co.za/index.html,,https://dl.dropboxusercontent.com/scl/fi/6ribhwbytdqfqva6jgf3s/1-16.png?rlkey=s61uev3dxmsmo4coifrqtozge&st=z3y4nuri&dl=1,500.00 ZAR,,,no,,,Saint Ventura,"'100% Premium Cotton', 'Bold graphic print', 'Oversized fit'","Material:Composition:100% Premium Cotton, Features:Detail:Bold graphic print, Features:Detail:Oversized fit, Features:Detail:Dropped shoulders",https://dl.dropboxusercontent.com/scl/fi/2ma5ldkyiam6dm947eg8f/1-14.png?rlkey=0xb8p0qyps0st9t4z3ez47fm9&st=y2q4jni7&dl=1,new,no,Black,XXL,,,unisex,100% Premium Cotton,Graphic Print,adult,,,,,,,,2,
3-One Size Fits All-Black,Visionaries by SV - Black,Premium sunglasses designed for the visionaries and trendsetters. Features sleek black frames with UV protection and the signature SV branding for those who see the world differently.,in_stock,,,https://saintventura.co.za/index.html,,https://dl.dropboxusercontent.com/scl/fi/qs6id9xzrvfp8dctj2lqf/1-15.png?rlkey=shaa8t54va6ap95kulvvk1jee&st=tpwythhm&dl=1,200.00 ZAR,,,no,,,Saint Ventura,"'Premium acetate frame', '100% UV400 protection', 'Polarized lenses'","Features:Detail:Premium acetate frame, Material:Composition:100% UV400 protection, Features:Detail:Polarized lenses, Features:Detail:SV logo on temples, Features:Detail:Scratch-resistant coating, Features:Detail:Includes protective case",,new,no,Black,One Size Fits All,,,,Acetate,Solid,adult,,,,,,,,,
4-One Size Fits All-Red,SV Creators Hat - Red,Premium snapback designed for the creative minds and innovators. Features bold embroidered SV logo with adjustable snapback closure for the perfect fit on any creator's journey.,in_stock,,,https://saintventura.co.za/index.html,,https://dl.dropboxusercontent.com/scl/fi/16j1629tb9ces8c4vruvh/1-4.png?rlkey=myve0lk7x9zdn6xfen7mah640&st=d0j0b6nb&dl=1,200.00 ZAR,,,no,,,Saint Ventura,"'Premium cotton twill construction', '3D embroidered SV logo', 'Adjustable snapback closure'","Material:Type:Premium cotton twill construction, Features:Detail:3D embroidered SV logo, Features:Detail:Adjustable snapback closure, Features:Detail:Structured 6-panel crown, Features:Detail:Interior moisture-wicking sweatband",https://dl.dropboxusercontent.com/scl/fi/5h9lftt1bidmqijpmpxll/1-3.png?rlkey=501zjd9pkgf9w5yhrparmm5rd&st=uhhf8qul&dl=1,new,no,Red,One Size Fits All,,,,Premium Cotton Twill,Solid,adult,,,,,,,,,
4-One Size Fits All-Black,SV Creators Hat - Black,Premium snapback designed for the creative minds and innovators. Features bold embroidered SV logo with adjustable snapback closure for the perfect fit on any creator's journey.,in_stock,,,https://saintventura.co.za/index.html,,https://dl.dropboxusercontent.com/scl/fi/5h9lftt1bidmqijpmpxll/1-3.png?rlkey=501zjd9pkgf9w5yhrparmm5rd&st=uhhf8qul&dl=1,200.00 ZAR,,,no,,,Saint Ventura,"'Premium cotton twill construction', '3D embroidered SV logo', 'Adjustable snapback closure'","Material:Type:Premium cotton twill construction, Features:Detail:3D embroidered SV logo, Features:Detail:Adjustable snapback closure, Features:Detail:Structured 6-panel crown, Features:Detail:Interior moisture-wicking sweatband",https://dl.dropboxusercontent.com/scl/fi/16j1629tb9ces8c4vruvh/1-4.png?rlkey=myve0lk7x9zdn6xfen7mah640&st=d0j0b6nb&dl=1,new,no,Black,One Size Fits All,,,,Premium Cotton Twill,Solid,adult,,,,,,,,,
5-XS-Baby Blue,Hood* of The Saints - Baby Blue - XS,Premium oversized hoodie representing The Saints collective. Heavyweight cotton blend with dropped shoulders and kangaroo pocket.,in_stock,,,https://saintventura.co.za/index.html,,https://dl.dropboxusercontent.com/scl/fi/tv6xmtknl5e93s4q2rxvr/1-7.png?rlkey=6y8szp285r72rby6k6jkw8038&st=n6gbin36&dl=1,400.00 ZAR,,,no,,,Saint Ventura,"'80% Cotton, 20% Polyester', 'Heavyweight 400gsm fabric', 'Oversized fit'","Material:Composition:80% Cotton, 20% Polyester, Features:Detail:Heavyweight 400gsm fabric, Features:Detail:Oversized fit, Features:Detail:Kangaroo pocket",https://dl.dropboxusercontent.com/scl/fi/mtvek2orgliosk1e5w0zg/1-5.png?rlkey=akio0f1ps0tumeghs50q10blr&st=ktcib4de&dl=1,new,no,Baby Blue,XS,,,unisex,"80% Cotton, 20% Polyester",Solid,adult,,,,,,,,5,
5-XS-Black,Hood* of The Saints - Black - XS,Premium oversized hoodie representing The Saints collective. Heavyweight cotton blend with dropped shoulders and kangaroo pocket.,in_stock,,,https://saintventura.co.za/index.html,,https://dl.dropboxusercontent.com/scl/fi/mtvek2orgliosk1e5w0zg/1-5.png?rlkey=akio0f1ps0tumeghs50q10blr&st=ktcib4de&dl=1,400.00 ZAR,,,no,,,Saint Ventura,"'80% Cotton, 20% Polyester', 'Heavyweight 400gsm fabric', 'Oversized fit'","Material:Composition:80% Cotton, 20% Polyester, Features:Detail:Heavyweight 400gsm fabric, Features:Detail:Oversized fit, Features:Detail:Kangaroo pocket",https://dl.dropboxusercontent.com/scl/fi/tv6xmtknl5e93s4q2rxvr/1-7.png?rlkey=6y8szp285r72rby6k6jkw8038&st=n6gbin36&dl=1,new,no,Black,XS,,,unisex,"80% Cotton, 20% Polyester",Solid,adult,,,,,,,,5,
5-S-Baby Blue,Hood* of The Saints - Baby Blue - S,Premium oversized hoodie representing The Saints collective. Heavyweight cotton blend with dropped shoulders and kangaroo pocket.,in_stock,,,https://saintventura.co.za/index.html,,https://dl.dropboxusercontent.com/scl/fi/tv6xmtknl5e93s4q2rxvr/1-7.png?rlkey=6y8szp285r72rby6k6jkw8038&st=n6gbin36&dl=1,400.00 ZAR,,,no,,,Saint Ventura,"'80% Cotton, 20% Polyester', 'Heavyweight 400gsm fabric', 'Oversized fit'","Material:Composition:80% Cotton, 20% Polyester, Features:Detail:Heavyweight 400gsm fabric, Features:Detail:Oversized fit, Features:Detail:Kangaroo pocket",https://dl.dropboxusercontent.com/scl/fi/mtvek2orgliosk1e5w0zg/1-5.png?rlkey=akio0f1ps0tumeghs50q10blr&st=ktcib4de&dl=1,new,no,Baby Blue,S,,,unisex,"80% Cotton, 20% Polyester",Solid,adult,,,,,,,,5,
5-S-Black,Hood* of The Saints - Black - S,Premium oversized hoodie representing The Saints collective. Heavyweight cotton blend with dropped shoulders and kangaroo pocket.,in_stock,,,https://saintventura.co.za/index.html,,https://dl.dropboxusercontent.com/scl/fi/mtvek2orgliosk1e5w0zg/1-5.png?rlkey=akio0f1ps0tumeghs50q10blr&st=ktcib4de&dl=1,400.00 ZAR,,,no,,,Saint Ventura,"'80% Cotton, 20% Polyester', 'Heavyweight 400gsm fabric', 'Oversized fit'","Material:Composition:80% Cotton, 20% Polyester, Features:Detail:Heavyweight 400gsm fabric, Features:Detail:Oversized fit, Features:Detail:Kangaroo pocket",https://dl.dropboxusercontent.com/scl/fi/tv6xmtknl5e93s4q2rxvr/1-7.png?rlkey=6y8szp285r72rby6k6jkw8038&st=n6gbin36&dl=1,new,no,Black,S,,,unisex,"80% Cotton, 20% Polyester",Solid,adult,,,,,,,,5,
5-M-Baby Blue,Hood* of The Saints - Baby Blue - M,Premium oversized hoodie representing The Saints collective. Heavyweight cotton blend with dropped shoulders and kangaroo pocket.,in_stock,,,https://saintventura.co.za/index.html,,https://dl.dropboxusercontent.com/scl/fi/tv6xmtknl5e93s4q2rxvr/1-7.png?rlkey=6y8szp285r72rby6k6jkw8038&st=n6gbin36&dl=1,400.00 ZAR,,,no,,,Saint Ventura,"'80% Cotton, 20% Polyester', 'Heavyweight 400gsm fabric', 'Oversized fit'","Material:Composition:80% Cotton, 20% Polyester, Features:Detail:Heavyweight 400gsm fabric, Features:Detail:Oversized fit, Features:Detail:Kangaroo pocket",https://dl.dropboxusercontent.com/scl/fi/mtvek2orgliosk1e5w0zg/1-5.png?rlkey=akio0f1ps0tumeghs50q10blr&st=ktcib4de&dl=1,new,no,Baby Blue,M,,,unisex,"80% Cotton, 20% Polyester",Solid,adult,,,,,,,,5,
5-M-Black,Hood* of The Saints - Black - M,Premium oversized hoodie representing The Saints collective. Heavyweight cotton blend with dropped shoulders and kangaroo pocket.,in_stock,,,https://saintventura.co.za/index.html,,https://dl.dropboxusercontent.com/scl/fi/mtvek2orgliosk1e5w0zg/1-5.png?rlkey=akio0f1ps0tumeghs50q10blr&st=ktcib4de&dl=1,400.00 ZAR,,,no,,,Saint Ventura,"'80% Cotton, 20% Polyester', 'Heavyweight 400gsm fabric', 'Oversized fit'","Material:Composition:80% Cotton, 20% Polyester, Features:Detail:Heavyweight 400gsm fabric, Features:Detail:Oversized fit, Features:Detail:Kangaroo pocket",https://dl.dropboxusercontent.com/scl/fi/tv6xmtknl5e93s4q2rxvr/1-7.png?rlkey=6y8szp285r72rby6k6jkw8038&st=n6gbin36&dl=1,new,no,Black,M,,,unisex,"80% Cotton, 20% Polyester",Solid,adult,,,,,,,,5,
5-L-Baby Blue,Hood* of The Saints - Baby Blue - L,Premium oversized hoodie representing The Saints collective. Heavyweight cotton blend with dropped shoulders and kangaroo pocket.,in_stock,,,https://saintventura.co.za/index.html,,https://dl.dropboxusercontent.com/scl/fi/tv6xmtknl5e93s4q2rxvr/1-7.png?rlkey=6y8szp285r72rby6k6jkw8038&st=n6gbin36&dl=1,400.00 ZAR,,,no,,,Saint Ventura,"'80% Cotton, 20% Polyester', 'Heavyweight 400gsm fabric', 'Oversized fit'","Material:Composition:80% Cotton, 20% Polyester, Features:Detail:Heavyweight 400gsm fabric, Features:Detail:Oversized fit, Features:Detail:Kangaroo pocket",https://dl.dropboxusercontent.com/scl/fi/mtvek2orgliosk1e5w0zg/1-5.png?rlkey=akio0f1ps0tumeghs50q10blr&st=ktcib4de&dl=1,new,no,Baby Blue,L,,,unisex,"80% Cotton, 20% Polyester",Solid,adult,,,,,,,,5,
5-L-Black,Hood* of The Saints - Black - L,Premium oversized hoodie representing The Saints collective. Heavyweight cotton blend with dropped shoulders and kangaroo pocket.,in_stock,,,https://saintventura.co.za/index.html,,https://dl.dropboxusercontent.com/scl/fi/mtvek2orgliosk1e5w0zg/1-5.png?rlkey=akio0f1ps0tumeghs50q10blr&st=ktcib4de&dl=1,400.00 ZAR,,,no,,,Saint Ventura,"'80% Cotton, 20% Polyester', 'Heavyweight 400gsm fabric', 'Oversized fit'","Material:Composition:80% Cotton, 20% Polyester, Features:Detail:Heavyweight 400gsm fabric, Features:Detail:Oversized fit, Features:Detail:Kangaroo pocket",https://dl.dropboxusercontent.com/scl/fi/tv6xmtknl5e93s4q2rxvr/1-7.png?rlkey=6y8szp285r72rby6k6jkw8038&st=n6gbin36&dl=1,new,no,Black,L,,,unisex,"80% Cotton, 20% Polyester",Solid,adult,,,,,,,,5,
5-XL-Baby Blue,Hood* of The Saints - Baby Blue - XL,Premium oversized hoodie representing The Saints collective. Heavyweight cotton blend with dropped shoulders and kangaroo pocket.,in_stock,,,https://saintventura.co.za/index.html,,https://dl.dropboxusercontent.com/scl/fi/tv6xmtknl5e93s4q2rxvr/1-7.png?rlkey=6y8szp285r72rby6k6jkw8038&st=n6gbin36&dl=1,400.00 ZAR,,,no,,,Saint Ventura,"'80% Cotton, 20% Polyester', 'Heavyweight 400gsm fabric', 'Oversized fit'","Material:Composition:80% Cotton, 20% Polyester, Features:Detail:Heavyweight 400gsm fabric, Features:Detail:Oversized fit, Features:Detail:Kangaroo pocket",https://dl.dropboxusercontent.com/scl/fi/mtvek2orgliosk1e5w0zg/1-5.png?rlkey=akio0f1ps0tumeghs50q10blr&st=ktcib4de&dl=1,new,no,Baby Blue,XL,,,unisex,"80% Cotton, 20% Polyester",Solid,adult,,,,,,,,5,
5-XL-Black,Hood* of The Saints - Black - XL,Premium oversized hoodie representing The Saints collective. Heavyweight cotton blend with dropped shoulders and kangaroo pocket.,in_stock,,,https://saintventura.co.za/index.html,,https://dl.dropboxusercontent.com/scl/fi/mtvek2orgliosk1e5w0zg/1-5.png?rlkey=akio0f1ps0tumeghs50q10blr&st=ktcib4de&dl=1,400.00 ZAR,,,no,,,Saint Ventura,"'80% Cotton, 20% Polyester', 'Heavyweight 400gsm fabric', 'Oversized fit'","Material:Composition:80% Cotton, 20% Polyester, Features:Detail:Heavyweight 400gsm fabric, Features:Detail:Oversized fit, Features:Detail:Kangaroo pocket",https://dl.dropboxusercontent.com/scl/fi/tv6xmtknl5e93s4q2rxvr/1-7.png?rlkey=6y8szp285r72rby6k6jkw8038&st=n6gbin36&dl=1,new,no,Black,XL,,,unisex,"80% Cotton, 20% Polyester",Solid,adult,,,,,,,,5,
5-XXL-Baby Blue,Hood* of The Saints - Baby Blue - XXL,Premium oversized hoodie representing The Saints collective. Heavyweight cotton blend with dropped shoulders and kangaroo pocket.,in_stock,,,https://saintventura.co.za/index.html,,https://dl.dropboxusercontent.com/scl/fi/tv6xmtknl5e93s4q2rxvr/1-7.png?rlkey=6y8szp285r72rby6k6jkw8038&st=n6gbin36&dl=1,400.00 ZAR,,,no,,,Saint Ventura,"'80% Cotton, 20% Polyester', 'Heavyweight 400gsm fabric', 'Oversized fit'","Material:Composition:80% Cotton, 20% Polyester, Features:Detail:Heavyweight 400gsm fabric, Features:Detail:Oversized fit, Features:Detail:Kangaroo pocket",https://dl.dropboxusercontent.com/scl/fi/mtvek2orgliosk1e5w0zg/1-5.png?rlkey=akio0f1ps0tumeghs50q10blr&st=ktcib4de&dl=1,new,no,Baby Blue,XXL,,,unisex,"80% Cotton, 20% Polyester",Solid,adult,,,,,,,,5,
5-XXL-Black,Hood* of The Saints - Black - XXL,Premium oversized hoodie representing The Saints collective. Heavyweight cotton blend with dropped shoulders and kangaroo pocket.,in_stock,,,https://saintventura.co.za/index.html,,https://dl.dropboxusercontent.com/scl/fi/mtvek2orgliosk1e5w0zg/1-5.png?rlkey=akio0f1ps0tumeghs50q10blr&st=ktcib4de&dl=1,400.00 ZAR,,,no,,,Saint Ventura,"'80% Cotton, 20% Polyester', 'Heavyweight 400gsm fabric', 'Oversized fit'","Material:Composition:80% Cotton, 20% Polyester, Features:Detail:Heavyweight 400gsm fabric, Features:Detail:Oversized fit, Features:Detail:Kangaroo pocket",https://dl.dropboxusercontent.com/scl/fi/tv6xmtknl5e93s4q2rxvr/1-7.png?rlkey=6y8szp285r72rby6k6jkw8038&st=n6gbin36&dl=1,new,no,Black,XXL,,,unisex,"80% Cotton, 20% Polyester",Solid,adult,,,,,,,,5,
6-XS-Black,SV Utility Shirt - Black - XS,Functional utility shirt with multiple pockets and durable construction. Perfect blend of style and practicality for the modern creator.,in_stock,,,https://saintventura.co.za/index.html,,https://dl.dropboxusercontent.com/scl/fi/tg8jpo7hxksb5fmiyivo7/1-9.png?rlkey=wlaat82bhy29xpcyuyme0b1mi&st=p7wbg6k7&dl=1,400.00 ZAR,,,no,,,Saint Ventura,"'100% Cotton Twill', 'Multiple utility pockets', 'Button-up closure'","Material:Composition:100% Cotton Twill, Features:Detail:Multiple utility pockets, Features:Detail:Button-up closure, Features:Detail:Regular fit",https://dl.dropboxusercontent.com/scl/fi/lkvuuntf1q627q7lq018n/1-8.png?rlkey=86rhveankf3zbagwb2hsqxze8&st=2jswyme5&dl=1,new,no,Black,XS,,,unisex,100% Cotton Twill,Solid,adult,,,,,,,,6,
6-S-Black,SV Utility Shirt - Black - S,Functional utility shirt with multiple pockets and durable construction. Perfect blend of style and practicality for the modern creator.,in_stock,,,https://saintventura.co.za/index.html,,https://dl.dropboxusercontent.com/scl/fi/tg8jpo7hxksb5fmiyivo7/1-9.png?rlkey=wlaat82bhy29xpcyuyme0b1mi&st=p7wbg6k7&dl=1,400.00 ZAR,,,no,,,Saint Ventura,"'100% Cotton Twill', 'Multiple utility pockets', 'Button-up closure'","Material:Composition:100% Cotton Twill, Features:Detail:Multiple utility pockets, Features:Detail:Button-up closure, Features:Detail:Regular fit",https://dl.dropboxusercontent.com/scl/fi/lkvuuntf1q627q7lq018n/1-8.png?rlkey=86rhveankf3zbagwb2hsqxze8&st=2jswyme5&dl=1,new,no,Black,S,,,unisex,100% Cotton Twill,Solid,adult,,,,,,,,6,
6-M-Black,SV Utility Shirt - Black - M,Functional utility shirt with multiple pockets and durable construction. Perfect blend of style and practicality for the modern creator.,in_stock,,,https://saintventura.co.za/index.html,,https://dl.dropboxusercontent.com/scl/fi/tg8jpo7hxksb5fmiyivo7/1-9.png?rlkey=wlaat82bhy29xpcyuyme0b1mi&st=p7wbg6k7&dl=1,400.00 ZAR,,,no,,,Saint Ventura,"'100% Cotton Twill', 'Multiple utility pockets', 'Button-up closure'","Material:Composition:100% Cotton Twill, Features:Detail:Multiple utility pockets, Features:Detail:Button-up closure, Features:Detail:Regular fit",https://dl.dropboxusercontent.com/scl/fi/lkvuuntf1q627q7lq018n/1-8.png?rlkey=86rhveankf3zbagwb2hsqxze8&st=2jswyme5&dl=1,new,no,Black,M,,,unisex,100% Cotton Twill,Solid,adult,,,,,,,,6,
6-L-Black,SV Utility Shirt - Black - L,Functional utility shirt with multiple pockets and durable construction. Perfect blend of style and practicality for the modern creator.,in_stock,,,https://saintventura.co.za/index.html,,https://dl.dropboxusercontent.com/scl/fi/tg8jpo7hxksb5fmiyivo7/1-9.png?rlkey=wlaat82bhy29xpcyuyme0b1mi&st=p7wbg6k7&dl=1,400.00 ZAR,,,no,,,Saint Ventura,"'100% Cotton Twill', 'Multiple utility pockets', 'Button-up closure'","Material:Composition:100% Cotton Twill, Features:Detail:Multiple utility pockets, Features:Detail:Button-up closure, Features:Detail:Regular fit",https://dl.dropboxusercontent.com/scl/fi/lkvuuntf1q627q7lq018n/1-8.png?rlkey=86rhveankf3zbagwb2hsqxze8&st=2jswyme5&dl=1,new,no,Black,L,,,unisex,100% Cotton Twill,Solid,adult,,,,,,,,6,
6-XL-Black,SV Utility Shirt - Black - XL,Functional utility shirt with multiple pockets and durable construction. Perfect blend of style and practicality for the modern creator.,in_stock,,,https://saintventura.co.za/index.html,,https://dl.dropboxusercontent.com/scl/fi/tg8jpo7hxksb5fmiyivo7/1-9.png?rlkey=wlaat82bhy29xpcyuyme0b1mi&st=p7wbg6k7&dl=1,400.00 ZAR,,,no,,,Saint Ventura,"'100% Cotton Twill', 'Multiple utility pockets', 'Button-up closure'","Material:Composition:100% Cotton Twill, Features:Detail:Multiple utility pockets, Features:Detail:Button-up closure, Features:Detail:Regular fit",https://dl.dropboxusercontent.com/scl/fi/lkvuuntf1q627q7lq018n/1-8.png?rlkey=86rhveankf3zbagwb2hsqxze8&st=2jswyme5&dl=1,new,no,Black,XL,,,unisex,100% Cotton Twill,Solid,adult,,,,,,,,6,
6-XXL-Black,SV Utility Shirt - Black - XXL,Functional utility shirt with multiple pockets and durable construction. Perfect blend of style and practicality for the modern creator.,in_stock,,,https://saintventura.co.za/index.html,,https://dl.dropboxusercontent.com/scl/fi/tg8jpo7hxksb5fmiyivo7/1-9.png?rlkey=wlaat82bhy29xpcyuyme0b1mi&st=p7wbg6k7&dl=1,400.00 ZAR,,,no,,,Saint Ventura,"'100% Cotton Twill', 'Multiple utility pockets', 'Button-up closure'","Material:Composition:100% Cotton Twill, Features:Detail:Multiple utility pockets, Features:Detail:Button-up closure, Features:Detail:Regular fit",https://dl.dropboxusercontent.com/scl/fi/lkvuuntf1q627q7lq018n/1-8.png?rlkey=86rhveankf3zbagwb2hsqxze8&st=2jswyme5&dl=1,new,no,Black,XXL,,,unisex,100% Cotton Twill,Solid,adult,,,,,,,,6,
7-XS-Black,SV Cargo Pants - Black - XS,Premium cargo pants with multiple pockets and adjustable details. Essential streetwear piece combining functionality with Saint Ventura style.,in_stock,,,https://saintventura.co.za/index.html,,https://dl.dropboxusercontent.com/scl/fi/q82xmvf10v3bfth0yb9tb/1-17.png?rlkey=86y3k3tbqdqgs63h2gzs86d81&st=brqjs51u&dl=1,300.00 ZAR,,,no,,,Saint Ventura,"'100% Cotton Twill', 'Multiple cargo pockets', 'Adjustable waist'","Material:Composition:100% Cotton Twill, Features:Detail:Multiple cargo pockets, Features:Detail:Adjustable waist, Features:Detail:Tapered fit",https://dl.dropboxusercontent.com/scl/fi/xocwsz4bcod4rop8mscs9/1-19.png?rlkey=n1zrg171gixabaff9cxftlmg7&st=jiuthcov&dl=1,new,no,Black,XS,,,unisex,100% Cotton Twill,Solid,adult,,,,,,,,7,
7-S-Black,SV Cargo Pants - Black - S,Premium cargo pants with multiple pockets and adjustable details. Essential streetwear piece combining functionality with Saint Ventura style.,in_stock,,,https://saintventura.co.za/index.html,,https://dl.dropboxusercontent.com/scl/fi/q82xmvf10v3bfth0yb9tb/1-17.png?rlkey=86y3k3tbqdqgs63h2gzs86d81&st=brqjs51u&dl=1,300.00 ZAR,,,no,,,Saint Ventura,"'100% Cotton Twill', 'Multiple cargo pockets', 'Adjustable waist'","Material:Composition:100% Cotton Twill, Features:Detail:Multiple cargo pockets, Features:Detail:Adjustable waist, Features:Detail:Tapered fit",https://dl.dropboxusercontent.com/scl/fi/xocwsz4bcod4rop8mscs9/1-19.png?rlkey=n1zrg171gixabaff9cxftlmg7&st=jiuthcov&dl=1,new,no,Black,S,,,unisex,100% Cotton Twill,Solid,adult,,,,,,,,7,
7-M-Black,SV Cargo Pants - Black - M,Premium cargo pants with multiple pockets and adjustable details. Essential streetwear piece combining functionality with Saint Ventura style.,in_stock,,,https://saintventura.co.za/index.html,,https://dl.dropboxusercontent.com/scl/fi/q82xmvf10v3bfth0yb9tb/1-17.png?rlkey=86y3k3tbqdqgs63h2gzs86d81&st=brqjs51u&dl=1,300.00 ZAR,,,no,,,Saint Ventura,"'100% Cotton Twill', 'Multiple cargo pockets', 'Adjustable waist'","Material:Composition:100% Cotton Twill, Features:Detail:Multiple cargo pockets, Features:Detail:Adjustable waist, Features:Detail:Tapered fit",https://dl.dropboxusercontent.com/scl/fi/xocwsz4bcod4rop8mscs9/1-19.png?rlkey=n1zrg171gixabaff9cxftlmg7&st=jiuthcov&dl=1,new,no,Black,M,,,unisex,100% Cotton Twill,Solid,adult,,,,,,,,7,
7-L-Black,SV Cargo Pants - Black - L,Premium cargo pants with multiple pockets and adjustable details. Essential streetwear piece combining functionality with Saint Ventura style.,in_stock,,,https://saintventura.co.za/index.html,,https://dl.dropboxusercontent.com/scl/fi/q82xmvf10v3bfth0yb9tb/1-17.png?rlkey=86y3k3tbqdqgs63h2gzs86d81&st=brqjs51u&dl=1,300.00 ZAR,,,no,,,Saint Ventura,"'100% Cotton Twill', 'Multiple cargo pockets', 'Adjustable waist'","Material:Composition:100% Cotton Twill, Features:Detail:Multiple cargo pockets, Features:Detail:Adjustable waist, Features:Detail:Tapered fit",https://dl.dropboxusercontent.com/scl/fi/xocwsz4bcod4rop8mscs9/1-19.png?rlkey=n1zrg171gixabaff9cxftlmg7&st=jiuthcov&dl=1,new,no,Black,L,,,unisex,100% Cotton Twill,Solid,adult,,,,,,,,7,
7-XL-Black,SV Cargo Pants - Black - XL,Premium cargo pants with multiple pockets and adjustable details. Essential streetwear piece combining functionality with Saint Ventura style.,in_stock,,,https://saintventura.co.za/index.html,,https://dl.dropboxusercontent.com/scl/fi/q82xmvf10v3bfth0yb9tb/1-17.png?rlkey=86y3k3tbqdqgs63h2gzs86d81&st=brqjs51u&dl=1,300.00 ZAR,,,no,,,Saint Ventura,"'100% Cotton Twill', 'Multiple cargo pockets', 'Adjustable waist'","Material:Composition:100% Cotton Twill, Features:Detail:Multiple cargo pockets, Features:Detail:Adjustable waist, Features:Detail:Tapered fit",https://dl.dropboxusercontent.com/scl/fi/xocwsz4bcod4rop8mscs9/1-19.png?rlkey=n1zrg171gixabaff9cxftlmg7&st=jiuthcov&dl=1,new,no,Black,XL,,,unisex,100% Cotton Twill,Solid,adult,,,,,,,,7,
7-XXL-Black,SV Cargo Pants - Black - XXL,Premium cargo pants with multiple pockets and adjustable details. Essential streetwear piece combining functionality with Saint Ventura style.,in_stock,,,https://saintventura.co.za/index.html,,https://dl.dropboxusercontent.com/scl/fi/q82xmvf10v3bfth0yb9tb/1-17.png?rlkey=86y3k3tbqdqgs63h2gzs86d81&st=brqjs51u&dl=1,300.00 ZAR,,,no,,,Saint Ventura,"'100% Cotton Twill', 'Multiple cargo pockets', 'Adjustable waist'","Material:Composition:100% Cotton Twill, Features:Detail:Multiple cargo pockets, Features:Detail:Adjustable waist, Features:Detail:Tapered fit",https://dl.dropboxusercontent.com/scl/fi/xocwsz4bcod4rop8mscs9/1-19.png?rlkey=n1zrg171gixabaff9cxftlmg7&st=jiuthcov&dl=1,new,no,Black,XXL,,,unisex,100% Cotton Twill,Solid,adult,,,,,,,,7,
8-XS-Army Green,Ventura Crop Tank - Army Green - XS,Cropped tank top perfect for layering or standalone wear. Available in multiple colorways to match your personal style.,in_stock,,,https://saintventura.co.za/index.html,,https://dl.dropboxusercontent.com/scl/fi/j22zx7qt5efevtqmbki5a/1-10.png?rlkey=w1m9xosbjx5jiihn45l1o7hj7&st=9whfbavz&dl=1,300.00 ZAR,,,no,,,Saint Ventura,"'100% Cotton', 'Cropped fit', 'Sleeveless design'","Material:Composition:100% Cotton, Features:Detail:Cropped fit, Features:Detail:Sleeveless design, Features:Detail:Soft hand feel","https://dl.dropboxusercontent.com/scl/fi/mud785w0gso758kjl8d0y/1-6.PNG?rlkey=wj0x9hpnflobqndsak1drzpxt&st=bvmxst4j&dl=1,https://dl.dropboxusercontent.com/scl/fi/0izhvhpqgv7ym8o53dfk6/3-1.PNG?rlkey=34wr7bf7w9qr4aqcx8em9puv7&st=5xbyxbt1&dl=1",new,no,Army Green,XS,,,unisex,100% Cotton,Solid,adult,,,,,,,,8,
8-XS-Black,Ventura Crop Tank - Black - XS,Cropped tank top perfect for layering or standalone wear. Available in multiple colorways to match your personal style.,in_stock,,,https://saintventura.co.za/index.html,,https://dl.dropboxusercontent.com/scl/fi/mud785w0gso758kjl8d0y/1-6.PNG?rlkey=wj0x9hpnflobqndsak1drzpxt&st=bvmxst4j&dl=1,300.00 ZAR,,,no,,,Saint Ventura,"'100% Cotton', 'Cropped fit', 'Sleeveless design'","Material:Composition:100% Cotton, Features:Detail:Cropped fit, Features:Detail:Sleeveless design, Features:Detail:Soft hand feel","https://dl.dropboxusercontent.com/scl/fi/j22zx7qt5efevtqmbki5a/1-10.png?rlkey=w1m9xosbjx5jiihn45l1o7hj7&st=9whfbavz&dl=1,https://dl.dropboxusercontent.com/scl/fi/0izhvhpqgv7ym8o53dfk6/3-1.PNG?rlkey=34wr7bf7w9qr4aqcx8em9puv7&st=5xbyxbt1&dl=1",new,no,Black,XS,,,unisex,100% Cotton,Solid,adult,,,,,,,,8,
8-XS-White,Ventura Crop Tank - White - XS,Cropped tank top perfect for layering or standalone wear. Available in multiple colorways to match your personal style.,in_stock,,,https://saintventura.co.za/index.html,,https://dl.dropboxusercontent.com/scl/fi/0izhvhpqgv7ym8o53dfk6/3-1.PNG?rlkey=34wr7bf7w9qr4aqcx8em9puv7&st=5xbyxbt1&dl=1,300.00 ZAR,,,no,,,Saint Ventura,"'100% Cotton', 'Cropped fit', 'Sleeveless design'","Material:Composition:100% Cotton, Features:Detail:Cropped fit, Features:Detail:Sleeveless design, Features:Detail:Soft hand feel","https://dl.dropboxusercontent.com/scl/fi/j22zx7qt5efevtqmbki5a/1-10.png?rlkey=w1m9xosbjx5jiihn45l1o7hj7&st=9whfbavz&dl=1,https://dl.dropboxusercontent.com/scl/fi/mud785w0gso758kjl8d0y/1-6.PNG?rlkey=wj0x9hpnflobqndsak1drzpxt&st=bvmxst4j&dl=1",new,no,White,XS,,,unisex,100% Cotton,Solid,adult,,,,,,,,8,
8-S-Army Green,Ventura Crop Tank - Army Green - S,Cropped tank top perfect for layering or standalone wear. Available in multiple colorways to match your personal style.,in_stock,,,https://saintventura.co.za/index.html,,https://dl.dropboxusercontent.com/scl/fi/j22zx7qt5efevtqmbki5a/1-10.png?rlkey=w1m9xosbjx5jiihn45l1o7hj7&st=9whfbavz&dl=1,300.00 ZAR,,,no,,,Saint Ventura,"'100% Cotton', 'Cropped fit', 'Sleeveless design'","Material:Composition:100% Cotton, Features:Detail:Cropped fit, Features:Detail:Sleeveless design, Features:Detail:Soft hand feel","https://dl.dropboxusercontent.com/scl/fi/mud785w0gso758kjl8d0y/1-6.PNG?rlkey=wj0x9hpnflobqndsak1drzpxt&st=bvmxst4j&dl=1,https://dl.dropboxusercontent.com/scl/fi/0izhvhpqgv7ym8o53dfk6/3-1.PNG?rlkey=34wr7bf7w9qr4aqcx8em9puv7&st=5xbyxbt1&dl=1",new,no,Army Green,S,,,unisex,100% Cotton,Solid,adult,,,,,,,,8,
8-S-Black,Ventura Crop Tank - Black - S,Cropped tank top perfect for layering or standalone wear. Available in multiple colorways to match your personal style.,in_stock,,,https://saintventura.co.za/index.html,,https://dl.dropboxusercontent.com/scl/fi/mud785w0gso758kjl8d0y/1-6.PNG?rlkey=wj0x9hpnflobqndsak1drzpxt&st=bvmxst4j&dl=1,300.00 ZAR,,,no,,,Saint Ventura,"'100% Cotton', 'Cropped fit', 'Sleeveless design'","Material:Composition:100% Cotton, Features:Detail:Cropped fit, Features:Detail:Sleeveless design, Features:Detail:Soft hand feel","https://dl.dropboxusercontent.com/scl/fi/j22zx7qt5efevtqmbki5a/1-10.png?rlkey=w1m9xosbjx5jiihn45l1o7hj7&st=9whfbavz&dl=1,https://dl.dropboxusercontent.com/scl/fi/0izhvhpqgv7ym8o53dfk6/3-1.PNG?rlkey=34wr7bf7w9qr4aqcx8em9puv7&st=5xbyxbt1&dl=1",new,no,Black,S,,,unisex,100% Cotton,Solid,adult,,,,,,,,8,
8-S-White,Ventura Crop Tank - White - S,Cropped tank top perfect for layering or standalone wear. Available in multiple colorways to match your personal style.,in_stock,,,https://saintventura.co.za/index.html,,https://dl.dropboxusercontent.com/scl/fi/0izhvhpqgv7ym8o53dfk6/3-1.PNG?rlkey=34wr7bf7w9qr4aqcx8em9puv7&st=5xbyxbt1&dl=1,300.00 ZAR,,,no,,,Saint Ventura,"'100% Cotton', 'Cropped fit', 'Sleeveless design'","Material:Composition:100% Cotton, Features:Detail:Cropped fit, Features:Detail:Sleeveless design, Features:Detail:Soft hand feel","https://dl.dropboxusercontent.com/scl/fi/j22zx7qt5efevtqmbki5a/1-10.png?rlkey=w1m9xosbjx5jiihn45l1o7hj7&st=9whfbavz&dl=1,https://dl.dropboxusercontent.com/scl/fi/mud785w0gso758kjl8d0y/1-6.PNG?rlkey=wj0x9hpnflobqndsak1drzpxt&st=bvmxst4j&dl=1",new,no,White,S,,,unisex,100% Cotton,Solid,adult,,,,,,,,8,
8-M-Army Green,Ventura Crop Tank - Army Green - M,Cropped tank top perfect for layering or standalone wear. Available in multiple colorways to match your personal style.,in_stock,,,https://saintventura.co.za/index.html,,https://dl.dropboxusercontent.com/scl/fi/j22zx7qt5efevtqmbki5a/1-10.png?rlkey=w1m9xosbjx5jiihn45l1o7hj7&st=9whfbavz&dl=1,300.00 ZAR,,,no,,,Saint Ventura,"'100% Cotton', 'Cropped fit', 'Sleeveless design'","Material:Composition:100% Cotton, Features:Detail:Cropped fit, Features:Detail:Sleeveless design, Features:Detail:Soft hand feel","https://dl.dropboxusercontent.com/scl/fi/mud785w0gso758kjl8d0y/1-6.PNG?rlkey=wj0x9hpnflobqndsak1drzpxt&st=bvmxst4j&dl=1,https://dl.dropboxusercontent.com/scl/fi/0izhvhpqgv7ym8o53dfk6/3-1.PNG?rlkey=34wr7bf7w9qr4aqcx8em9puv7&st=5xbyxbt1&dl=1",new,no,Army Green,M,,,unisex,100% Cotton,Solid,adult,,,,,,,,8,
8-M-Black,Ventura Crop Tank - Black - M,Cropped tank top perfect for layering or standalone wear. Available in multiple colorways to match your personal style.,in_stock,,,https://saintventura.co.za/index.html,,https://dl.dropboxusercontent.com/scl/fi/mud785w0gso758kjl8d0y/1-6.PNG?rlkey=wj0x9hpnflobqndsak1drzpxt&st=bvmxst4j&dl=1,300.00 ZAR,,,no,,,Saint Ventura,"'100% Cotton', 'Cropped fit', 'Sleeveless design'","Material:Composition:100% Cotton, Features:Detail:Cropped fit, Features:Detail:Sleeveless design, Features:Detail:Soft hand feel","https://dl.dropboxusercontent.com/scl/fi/j22zx7qt5efevtqmbki5a/1-10.png?rlkey=w1m9xosbjx5jiihn45l1o7hj7&st=9whfbavz&dl=1,https://dl.dropboxusercontent.com/scl/fi/0izhvhpqgv7ym8o53dfk6/3-1.PNG?rlkey=34wr7bf7w9qr4aqcx8em9puv7&st=5xbyxbt1&dl=1",new,no,Black,M,,,unisex,100% Cotton,Solid,adult,,,,,,,,8,
8-M-White,Ventura Crop Tank - White - M,Cropped tank top perfect for layering or standalone wear. Available in multiple colorways to match your personal style.,in_stock,,,https://saintventura.co.za/index.html,,https://dl.dropboxusercontent.com/scl/fi/0izhvhpqgv7ym8o53dfk6/3-1.PNG?rlkey=34wr7bf7w9qr4aqcx8em9puv7&st=5xbyxbt1&dl=1,300.00 ZAR,,,no,,,Saint Ventura,"'100% Cotton', 'Cropped fit', 'Sleeveless design'","Material:Composition:100% Cotton, Features:Detail:Cropped fit, Features:Detail:Sleeveless design, Features:Detail:Soft hand feel","https://dl.dropboxusercontent.com/scl/fi/j22zx7qt5efevtqmbki5a/1-10.png?rlkey=w1m9xosbjx5jiihn45l1o7hj7&st=9whfbavz&dl=1,https://dl.dropboxusercontent.com/scl/fi/mud785w0gso758kjl8d0y/1-6.PNG?rlkey=wj0x9hpnflobqndsak1drzpxt&st=bvmxst4j&dl=1",new,no,White,M,,,unisex,100% Cotton,Solid,adult,,,,,,,,8,
8-L-Army Green,Ventura Crop Tank - Army Green - L,Cropped tank top perfect for layering or standalone wear. Available in multiple colorways to match your personal style.,in_stock,,,https://saintventura.co.za/index.html,,https://dl.dropboxusercontent.com/scl/fi/j22zx7qt5efevtqmbki5a/1-10.png?rlkey=w1m9xosbjx5jiihn45l1o7hj7&st=9whfbavz&dl=1,300.00 ZAR,,,no,,,Saint Ventura,"'100% Cotton', 'Cropped fit', 'Sleeveless design'","Material:Composition:100% Cotton, Features:Detail:Cropped fit, Features:Detail:Sleeveless design, Features:Detail:Soft hand feel","https://dl.dropboxusercontent.com/scl/fi/mud785w0gso758kjl8d0y/1-6.PNG?rlkey=wj0x9hpnflobqndsak1drzpxt&st=bvmxst4j&dl=1,https://dl.dropboxusercontent.com/scl/fi/0izhvhpqgv7ym8o53dfk6/3-1.PNG?rlkey=34wr7bf7w9qr4aqcx8em9puv7&st=5xbyxbt1&dl=1",new,no,Army Green,L,,,unisex,100% Cotton,Solid,adult,,,,,,,,8,
8-L-Black,Ventura Crop Tank - Black - L,Cropped tank top perfect for layering or standalone wear. Available in multiple colorways to match your personal style.,in_stock,,,https://saintventura.co.za/index.html,,https://dl.dropboxusercontent.com/scl/fi/mud785w0gso758kjl8d0y/1-6.PNG?rlkey=wj0x9hpnflobqndsak1drzpxt&st=bvmxst4j&dl=1,300.00 ZAR,,,no,,,Saint Ventura,"'100% Cotton', 'Cropped fit', 'Sleeveless design'","Material:Composition:100% Cotton, Features:Detail:Cropped fit, Features:Detail:Sleeveless design, Features:Detail:Soft hand feel","https://dl.dropboxusercontent.com/scl/fi/j22zx7qt5efevtqmbki5a/1-10.png?rlkey=w1m9xosbjx5jiihn45l1o7hj7&st=9whfbavz&dl=1,https://dl.dropboxusercontent.com/scl/fi/0izhvhpqgv7ym8o53dfk6/3-1.PNG?rlkey=34wr7bf7w9qr4aqcx8em9puv7&st=5xbyxbt1&dl=1",new,no,Black,L,,,unisex,100% Cotton,Solid,adult,,,,,,,,8,
8-L-White,Ventura Crop Tank - White - L,Cropped tank top perfect for layering or standalone wear. Available in multiple colorways to match your personal style.,in_stock,,,https://saintventura.co.za/index.html,,https://dl.dropboxusercontent.com/scl/fi/0izhvhpqgv7ym8o53dfk6/3-1.PNG?rlkey=34wr7bf7w9qr4aqcx8em9puv7&st=5xbyxbt1&dl=1,300.00 ZAR,,,no,,,Saint Ventura,"'100% Cotton', 'Cropped fit', 'Sleeveless design'","Material:Composition:100% Cotton, Features:Detail:Cropped fit, Features:Detail:Sleeveless design, Features:Detail:Soft hand feel","https://dl.dropboxusercontent.com/scl/fi/j22zx7qt5efevtqmbki5a/1-10.png?rlkey=w1m9xosbjx5jiihn45l1o7hj7&st=9whfbavz&dl=1,https://dl.dropboxusercontent.com/scl/fi/mud785w0gso758kjl8d0y/1-6.PNG?rlkey=wj0x9hpnflobqndsak1drzpxt&st=bvmxst4j&dl=1",new,no,White,L,,,unisex,100% Cotton,Solid,adult,,,,,,,,8,
8-XL-Army Green,Ventura Crop Tank - Army Green - XL,Cropped tank top perfect for layering or standalone wear. Available in multiple colorways to match your personal style.,in_stock,,,https://saintventura.co.za/index.html,,https://dl.dropboxusercontent.com/scl/fi/j22zx7qt5efevtqmbki5a/1-10.png?rlkey=w1m9xosbjx5jiihn45l1o7hj7&st=9whfbavz&dl=1,300.00 ZAR,,,no,,,Saint Ventura,"'100% Cotton', 'Cropped fit', 'Sleeveless design'","Material:Composition:100% Cotton, Features:Detail:Cropped fit, Features:Detail:Sleeveless design, Features:Detail:Soft hand feel","https://dl.dropboxusercontent.com/scl/fi/mud785w0gso758kjl8d0y/1-6.PNG?rlkey=wj0x9hpnflobqndsak1drzpxt&st=bvmxst4j&dl=1,https://dl.dropboxusercontent.com/scl/fi/0izhvhpqgv7ym8o53dfk6/3-1.PNG?rlkey=34wr7bf7w9qr4aqcx8em9puv7&st=5xbyxbt1&dl=1",new,no,Army Green,XL,,,unisex,100% Cotton,Solid,adult,,,,,,,,8,
8-XL-Black,Ventura Crop Tank - Black - XL,Cropped tank top perfect for layering or standalone wear. Available in multiple colorways to match your personal style.,in_stock,,,https://saintventura.co.za/index.html,,https://dl.dropboxusercontent.com/scl/fi/mud785w0gso758kjl8d0y/1-6.PNG?rlkey=wj0x9hpnflobqndsak1drzpxt&st=bvmxst4j&dl=1,300.00 ZAR,,,no,,,Saint Ventura,"'100% Cotton', 'Cropped fit', 'Sleeveless design'","Material:Composition:100% Cotton, Features:Detail:Cropped fit, Features:Detail:Sleeveless design, Features:Detail:Soft hand feel","https://dl.dropboxusercontent.com/scl/fi/j22zx7qt5efevtqmbki5a/1-10.png?rlkey=w1m9xosbjx5jiihn45l1o7hj7&st=9whfbavz&dl=1,https://dl.dropboxusercontent.com/scl/fi/0izhvhpqgv7ym8o53dfk6/3-1.PNG?rlkey=34wr7bf7w9qr4aqcx8em9puv7&st=5xbyxbt1&dl=1",new,no,Black,XL,,,unisex,100% Cotton,Solid,adult,,,,,,,,8,
8-XL-White,Ventura Crop Tank - White - XL,Cropped tank top perfect for layering or standalone wear. Available in multiple colorways to match your personal style.,in_stock,,,https://saintventura.co.za/index.html,,https://dl.dropboxusercontent.com/scl/fi/0izhvhpqgv7ym8o53dfk6/3-1.PNG?rlkey=34wr7bf7w9qr4aqcx8em9puv7&st=5xbyxbt1&dl=1,300.00 ZAR,,,no,,,Saint Ventura,"'100% Cotton', 'Cropped fit', 'Sleeveless design'","Material:Composition:100% Cotton, Features:Detail:Cropped fit, Features:Detail:Sleeveless design, Features:Detail:Soft hand feel","https://dl.dropboxusercontent.com/scl/fi/j22zx7qt5efevtqmbki5a/1-10.png?rlkey=w1m9xosbjx5jiihn45l1o7hj7&st=9whfbavz&dl=1,https://dl.dropboxusercontent.com/scl/fi/mud785w0gso758kjl8d0y/1-6.PNG?rlkey=wj0x9hpnflobqndsak1drzpxt&st=bvmxst4j&dl=1",new,no,White,XL,,,unisex,100% Cotton,Solid,adult,,,,,,,,8,
8-XXL-Army Green,Ventura Crop Tank - Army Green - XXL,Cropped tank top perfect for layering or standalone wear. Available in multiple colorways to match your personal style.,in_stock,,,https://saintventura.co.za/index.html,,https://dl.dropboxusercontent.com/scl/fi/j22zx7qt5efevtqmbki5a/1-10.png?rlkey=w1m9xosbjx5jiihn45l1o7hj7&st=9whfbavz&dl=1,300.00 ZAR,,,no,,,Saint Ventura,"'100% Cotton', 'Cropped fit', 'Sleeveless design'","Material:Composition:100% Cotton, Features:Detail:Cropped fit, Features:Detail:Sleeveless design, Features:Detail:Soft hand feel","https://dl.dropboxusercontent.com/scl/fi/mud785w0gso758kjl8d0y/1-6.PNG?rlkey=wj0x9hpnflobqndsak1drzpxt&st=bvmxst4j&dl=1,https://dl.dropboxusercontent.com/scl/fi/0izhvhpqgv7ym8o53dfk6/3-1.PNG?rlkey=34wr7bf7w9qr4aqcx8em9puv7&st=5xbyxbt1&dl=1",new,no,Army Green,XXL,,,unisex,100% Cotton,Solid,adult,,,,,,,,8,
8-XXL-Black,Ventura Crop Tank - Black - XXL,Cropped tank top perfect for layering or standalone wear. Available in multiple colorways to match your personal style.,in_stock,,,https://saintventura.co.za/index.html,,https://dl.dropboxusercontent.com/scl/fi/mud785w0gso758kjl8d0y/1-6.PNG?rlkey=wj0x9hpnflobqndsak1drzpxt&st=bvmxst4j&dl=1,300.00 ZAR,,,no,,,Saint Ventura,"'100% Cotton', 'Cropped fit', 'Sleeveless design'","Material:Composition:100% Cotton, Features:Detail:Cropped fit, Features:Detail:Sleeveless design, Features:Detail:Soft hand feel","https://dl.dropboxusercontent.com/scl/fi/j22zx7qt5efevtqmbki5a/1-10.png?rlkey=w1m9xosbjx5jiihn45l1o7hj7&st=9whfbavz&dl=1,https://dl.dropboxusercontent.com/scl/fi/0izhvhpqgv7ym8o53dfk6/3-1.PNG?rlkey=34wr7bf7w9qr4aqcx8em9puv7&st=5xbyxbt1&dl=1",new,no,Black,XXL,,,unisex,100% Cotton,Solid,adult,,,,,,,,8,
8-XXL-White,Ventura Crop Tank - White - XXL,Cropped tank top perfect for layering or standalone wear. Available in multiple colorways to match your personal style.,in_stock,,,https://saintventura.co.za/index.html,,https://dl.dropboxusercontent.com/scl/fi/0izhvhpqgv7ym8o53dfk6/3-1.PNG?rlkey=34wr7bf7w9qr4aqcx8em9puv7&st=5xbyxbt1&dl=1,300.00 ZAR,,,no,,,Saint Ventura,"'100% Cotton', 'Cropped fit', 'Sleeveless design'","Material:Composition:100% Cotton, Features:Detail:Cropped fit, Features:Detail:Sleeveless design, Features:Detail:Soft hand feel","https://dl.dropboxusercontent.com/scl/fi/j22zx7qt5efevtqmbki5a/1-10.png?rlkey=w1m9xosbjx5jiihn45l1o7hj7&st=9whfbavz&dl=1,https://dl.dropboxusercontent.com/scl/fi/mud785w0gso758kjl8d0y/1-6.PNG?rlkey=wj0x9hpnflobqndsak1drzpxt&st=bvmxst4j&dl=1",new,no,White,XXL,,,unisex,100% Cotton,Solid,adult,,,,,,,,8,
9-One Size Fits All-Black,Essential Beanie - Black,The ultimate essential for any streetwear wardrobe. This premium knit beanie features the iconic Saint Ventura logo and provides comfort and style for every season.,in_stock,,,https://saintventura.co.za/index.html,,https://dl.dropboxusercontent.com/scl/fi/sw3imbzsqend0zigd3yww/1-13.png?rlkey=iolsj7x1ryqxxh2t4okvw46zp&st=nryoy8dl&dl=1,200.00 ZAR,,,no,,,Saint Ventura,"'100% Premium acrylic knit', 'Embroidered SV logo', 'Ribbed cuff construction'","Material:Composition:100% Premium acrylic knit, Features:Detail:Embroidered SV logo, Features:Detail:Ribbed cuff construction, Features:Detail:Soft interior lining, Features:Detail:Stretchy comfortable fit, Features:Detail:Machine washable",,new,no,Black,One Size Fits All,,,,100% Premium Acrylic Knit,Solid,adult,,,,,,,,,
10-13cm-Black,Onyx Bracelet By SV - Black - 13cm,Premium onyx bracelet featuring natural black stones. Handcrafted with Saint Ventura branding for the discerning streetwear enthusiast.,in_stock,,,https://saintventura.co.za/index.html,,https://dl.dropboxusercontent.com/scl/fi/xevb4s1aeggk0fjcwk85e/1-18.png?rlkey=vs9rk6nu79b5nwtdxme114crx&st=6fn852el&dl=1,60.00 ZAR,,,no,,,Saint Ventura,"'Natural onyx stones', 'Elastic cord', 'SV charm detail'","Features:Detail:Natural onyx stones, Features:Detail:Elastic cord, Features:Detail:SV charm detail, Features:Detail:Handcrafted",,new,no,Black,13cm,,,,Natural Onyx Stones,Solid,adult,,,,,,,,,
10-14cm-Black,Onyx Bracelet By SV - Black - 14cm,Premium onyx bracelet featuring natural black stones. Handcrafted with Saint Ventura branding for the discerning streetwear enthusiast.,in_stock,,,https://saintventura.co.za/index.html,,https://dl.dropboxusercontent.com/scl/fi/xevb4s1aeggk0fjcwk85e/1-18.png?rlkey=vs9rk6nu79b5nwtdxme114crx&st=6fn852el&dl=1,60.00 ZAR,,,no,,,Saint Ventura,"'Natural onyx stones', 'Elastic cord', 'SV charm detail'","Features:Detail:Natural onyx stones, Features:Detail:Elastic cord, Features:Detail:SV charm detail, Features:Detail:Handcrafted",,new,no,Black,14cm,,,,Natural Onyx Stones,Solid,adult,,,,,,,,,
10-15cm-Black,Onyx Bracelet By SV - Black - 15cm,Premium onyx bracelet featuring natural black stones. Handcrafted with Saint Ventura branding for the discerning streetwear enthusiast.,in_stock,,,https://saintventura.co.za/index.html,,https://dl.dropboxusercontent.com/scl/fi/xevb4s1aeggk0fjcwk85e/1-18.png?rlkey=vs9rk6nu79b5nwtdxme114crx&st=6fn852el&dl=1,60.00 ZAR,,,no,,,Saint Ventura,"'Natural onyx stones', 'Elastic cord', 'SV charm detail'","Features:Detail:Natural onyx stones, Features:Detail:Elastic cord, Features:Detail:SV charm detail, Features:Detail:Handcrafted",,new,no,Black,15cm,,,,Natural Onyx Stones,Solid,adult,,,,,,,,,
10-16cm-Black,Onyx Bracelet By SV - Black - 16cm,Premium onyx bracelet featuring natural black stones. Handcrafted with Saint Ventura branding for the discerning streetwear enthusiast.,in_stock,,,https://saintventura.co.za/index.html,,https://dl.dropboxusercontent.com/scl/fi/xevb4s1aeggk0fjcwk85e/1-18.png?rlkey=vs9rk6nu79b5nwtdxme114crx&st=6fn852el&dl=1,60.00 ZAR,,,no,,,Saint Ventura,"'Natural onyx stones', 'Elastic cord', 'SV charm detail'","Features:Detail:Natural onyx stones, Features:Detail:Elastic cord, Features:Detail:SV charm detail, Features:Detail:Handcrafted",,new,no,Black,16cm,,,,Natural Onyx Stones,Solid,adult,,,,,,,,,
10-17cm-Black,Onyx Bracelet By SV - Black - 17cm,Premium onyx bracelet featuring natural black stones. Handcrafted with Saint Ventura branding for the discerning streetwear enthusiast.,in_stock,,,https://saintventura.co.za/index.html,,https://dl.dropboxusercontent.com/scl/fi/xevb4s1aeggk0fjcwk85e/1-18.png?rlkey=vs9rk6nu79b5nwtdxme114crx&st=6fn852el&dl=1,60.00 ZAR,,,no,,,Saint Ventura,"'Natural onyx stones', 'Elastic cord', 'SV charm detail'","Features:Detail:Natural onyx stones, Features:Detail:Elastic cord, Features:Detail:SV charm detail, Features:Detail:Handcrafted",,new,no,Black,17cm,,,,Natural Onyx Stones,Solid,adult,,,,,,,,,
10-18cm-Black,Onyx Bracelet By SV - Black - 18cm,Premium onyx bracelet featuring natural black stones. Handcrafted with Saint Ventura branding for the discerning streetwear enthusiast.,in_stock,,,https://saintventura.co.za/index.html,,https://dl.dropboxusercontent.com/scl/fi/xevb4s1aeggk0fjcwk85e/1-18.png?rlkey=vs9rk6nu79b5nwtdxme114crx&st=6fn852el&dl=1,60.00 ZAR,,,no,,,Saint Ventura,"'Natural onyx stones', 'Elastic cord', 'SV charm detail'","Features:Detail:Natural onyx stones, Features:Detail:Elastic cord, Features:Detail:SV charm detail, Features:Detail:Handcrafted",,new,no,Black,18cm,,,,Natural Onyx Stones,Solid,adult,,,,,,,,,