id	title	description	link	image_link	availability	price	condition	brand	google_product_category	product_type
1-XS-White	The Saints Club Tee - White - XS	Exclusive Saints Club tee featuring premium cotton construction and iconic Saint Ventura branding. A must-have for true streetwear enthusiasts.	https://saintventura.co.za/index.html	https://dl.dropboxusercontent.com/scl/fi/j0pgw2egryb9f0470f3p3/1-2.png?rlkey=xaw4k5w0yhwswfae3pi1n0g2r&st=vnlwftci&dl=1	in stock	550.00 ZAR	new	Saint Ventura	Apparel & Accessories > Clothing > Shirts & Tops	tops
1-S-White	The Saints Club Tee - White - S	Exclusive Saints Club tee featuring premium cotton construction and iconic Saint Ventura branding. A must-have for true streetwear enthusiasts.	https://saintventura.co.za/index.html	https://dl.dropboxusercontent.com/scl/fi/j0pgw2egryb9f0470f3p3/1-2.png?rlkey=xaw4k5w0yhwswfae3pi1n0g2r&st=vnlwftci&dl=1	in stock	550.00 ZAR	new	Saint Ventura	Apparel & Accessories > Clothing > Shirts & Tops	tops
1-M-White	The Saints Club Tee - White - M	Exclusive Saints Club tee featuring premium cotton construction and iconic Saint Ventura branding. A must-have for true streetwear enthusiasts.	https://saintventura.co.za/index.html	https://dl.dropboxusercontent.com/scl/fi/j0pgw2egryb9f0470f3p3/1-2.png?rlkey=xaw4k5w0yhwswfae3pi1n0g2r&st=vnlwftci&dl=1	in stock	550.00 ZAR	new	Saint Ventura	Apparel & Accessories > Clothing > Shirts & Tops	tops
1-L-White	The Saints Club Tee - White - L	Exclusive Saints Club tee featuring premium cotton construction and iconic Saint Ventura branding. A must-have for true streetwear enthusiasts.	https://saintventura.co.za/index.html	https://dl.dropboxusercontent.com/scl/fi/j0pgw2egryb9f0470f3p3/1-2.png?rlkey=xaw4k5w0yhwswfae3pi1n0g2r&st=vnlwftci&dl=1	in stock	550.00 ZAR	new	Saint Ventura	Apparel & Accessories > Clothing > Shirts & Tops	tops
1-XL-White	The Saints Club Tee - White - XL	Exclusive Saints Club tee featuring premium cotton construction and iconic Saint Ventura branding. A must-have for true streetwear enthusiasts.	https://saintventura.co.za/index.html	https://dl.dropboxusercontent.com/scl/fi/j0pgw2egryb9f0470f3p3/1-2.png?rlkey=xaw4k5w0yhwswfae3pi1n0g2r&st=vnlwftci&dl=1	in stock	550.00 ZAR	new	Saint Ventura	Apparel & Accessories > Clothing > Shirts & Tops	tops
1-XXL-White	The Saints Club Tee - White - XXL	Exclusive Saints Club tee featuring premium cotton construction and iconic Saint Ventura branding. A must-have for true streetwear enthusiasts.	https://saintventura.co.za/index.html	https://dl.dropboxusercontent.com/scl/fi/j0pgw2egryb9f0470f3p3/1-2.png?rlkey=xaw4k5w0yhwswfae3pi1n0g2r&st=vnlwftci&dl=1	in stock	550.00 ZAR	new	Saint Ventura	Apparel & Accessories > Clothing > Shirts & Tops	tops
2-XS-Black	SV Till I R.I.P Tee - Black - XS	Bold statement tee with the iconic 'SV Till I R.I.P' graphic. Made from premium cotton with a comfortable fit and striking design.	https://saintventura.co.za/index.html	https://dl.dropboxusercontent.com/scl/fi/6ribhwbytdqfqva6jgf3s/1-16.png?rlkey=s61uev3dxmsmo4coifrqtozge&st=z3y4nuri&dl=1	in stock	500.00 ZAR	new	Saint Ventura	Apparel & Accessories > Clothing > Shirts & Tops	tops
2-S-Black	SV Till I R.I.P Tee - Black - S	Bold statement tee with the iconic 'SV Till I R.I.P' graphic. Made from premium cotton with a comfortable fit and striking design.	https://saintventura.co.za/index.html	https://dl.dropboxusercontent.com/scl/fi/6ribhwbytdqfqva6jgf3s/1-16.png?rlkey=s61uev3dxmsmo4coifrqtozge&st=z3y4nuri&dl=1	in stock	500.00 ZAR	new	Saint Ventura	Apparel & Accessories > Clothing > Shirts & Tops	tops
2-M-Black	SV Till I R.I.P Tee - Black - M	Bold statement tee with the iconic 'SV Till I R.I.P' graphic. Made from premium cotton with a comfortable fit and striking design.	https://saintventura.co.za/index.html	https://dl.dropboxusercontent.com/scl/fi/6ribhwbytdqfqva6jgf3s/1-16.png?rlkey=s61uev3dxmsmo4coifrqtozge&st=z3y4nuri&dl=1	in stock	500.00 ZAR	new	Saint Ventura	Apparel & Accessories > Clothing > Shirts & Tops	tops
2-L-Black	SV Till I R.I.P Tee - Black - L	Bold statement tee with the iconic 'SV Till I R.I.P' graphic. Made from premium cotton with a comfortable fit and striking design.	https://saintventura.co.za/index.html	https://dl.dropboxusercontent.com/scl/fi/6ribhwbytdqfqva6jgf3s/1-16.png?rlkey=s61uev3dxmsmo4coifrqtozge&st=z3y4nuri&dl=1	in stock	500.00 ZAR	new	Saint Ventura	Apparel & Accessories > Clothing > Shirts & Tops	tops
2-XL-Black	SV Till I R.I.P Tee - Black - XL	Bold statement tee with the iconic 'SV Till I R.I.P' graphic. Made from premium cotton with a comfortable fit and striking design.	https://saintventura.co.za/index.html	https://dl.dropboxusercontent.com/scl/fi/6ribhwbytdqfqva6jgf3s/1-16.png?rlkey=s61uev3dxmsmo4coifrqtozge&st=z3y4nuri&dl=1	in stock	500.00 ZAR	new	Saint Ventura	Apparel & Accessories > Clothing > Shirts & Tops	tops
2-XXL-Black	SV Till I R.I.P Tee - Black - XXL	Bold statement tee with the iconic 'SV Till I R.I.P' graphic. Made from premium cotton with a comfortable fit and striking design.	https://saintventura.co.za/index.html	https://dl.dropboxusercontent.com/scl/fi/6ribhwbytdqfqva6jgf3s/1-16.png?rlkey=s61uev3dxmsmo4coifrqtozge&st=z3y4nuri&dl=1	in stock	500.00 ZAR	new	Saint Ventura	Apparel & Accessories > Clothing > Shirts & Tops	tops
3-One Size Fits All-Black	Visionaries by SV - Black - One Size Fits All	Premium sunglasses designed for the visionaries and trendsetters. Features sleek black frames with UV protection and the signature SV branding for those who see the world differently.	https://saintventura.co.za/index.html	https://dl.dropboxusercontent.com/scl/fi/qs6id9xzrvfp8dctj2lqf/1-15.png?rlkey=shaa8t54va6ap95kulvvk1jee&st=tpwythhm&dl=1	in stock	200.00 ZAR	new	Saint Ventura	Apparel & Accessories > Clothing Accessories	accessories
4-One Size Fits All-Red	SV Creators Hat - Red - One Size Fits All	Premium snapback designed for the creative minds and innovators. Features bold embroidered SV logo with adjustable snapback closure for the perfect fit on any creator's journey.	https://saintventura.co.za/index.html	https://dl.dropboxusercontent.com/scl/fi/16j1629tb9ces8c4vruvh/1-4.png?rlkey=myve0lk7x9zdn6xfen7mah640&st=d0j0b6nb&dl=1	in stock	200.00 ZAR	new	Saint Ventura	Apparel & Accessories > Clothing Accessories	accessories
4-One Size Fits All-Black	SV Creators Hat - Black - One Size Fits All	Premium snapback designed for the creative minds and innovators. Features bold embroidered SV logo with adjustable snapback closure for the perfect fit on any creator's journey.	https://saintventura.co.za/index.html	https://dl.dropboxusercontent.com/scl/fi/5h9lftt1bidmqijpmpxll/1-3.png?rlkey=501zjd9pkgf9w5yhrparmm5rd&st=uhhf8qul&dl=1	in stock	200.00 ZAR	new	Saint Ventura	Apparel & Accessories > Clothing Accessories	accessories
5-XS-Baby Blue	Hood* of The Saints - Baby Blue - XS	Premium oversized hoodie representing The Saints collective. Heavyweight cotton blend with dropped shoulders and kangaroo pocket.	https://saintventura.co.za/index.html	https://dl.dropboxusercontent.com/scl/fi/tv6xmtknl5e93s4q2rxvr/1-7.png?rlkey=6y8szp285r72rby6k6jkw8038&st=n6gbin36&dl=1	in stock	400.00 ZAR	new	Saint Ventura	Apparel & Accessories > Clothing > Shirts & Tops	tops
5-XS-Black	Hood* of The Saints - Black - XS	Premium oversized hoodie representing The Saints collective. Heavyweight cotton blend with dropped shoulders and kangaroo pocket.	https://saintventura.co.za/index.html	https://dl.dropboxusercontent.com/scl/fi/mtvek2orgliosk1e5w0zg/1-5.png?rlkey=akio0f1ps0tumeghs50q10blr&st=ktcib4de&dl=1	in stock	400.00 ZAR	new	Saint Ventura	Apparel & Accessories > Clothing > Shirts & Tops	tops
5-S-Baby Blue	Hood* of The Saints - Baby Blue - S	Premium oversized hoodie representing The Saints collective. Heavyweight cotton blend with dropped shoulders and kangaroo pocket.	https://saintventura.co.za/index.html	https://dl.dropboxusercontent.com/scl/fi/tv6xmtknl5e93s4q2rxvr/1-7.png?rlkey=6y8szp285r72rby6k6jkw8038&st=n6gbin36&dl=1	in stock	400.00 ZAR	new	Saint Ventura	Apparel & Accessories > Clothing > Shirts & Tops	tops
5-S-Black	Hood* of The Saints - Black - S	Premium oversized hoodie representing The Saints collective. Heavyweight cotton blend with dropped shoulders and kangaroo pocket.	https://saintventura.co.za/index.html	https://dl.dropboxusercontent.com/scl/fi/mtvek2orgliosk1e5w0zg/1-5.png?rlkey=akio0f1ps0tumeghs50q10blr&st=ktcib4de&dl=1	in stock	400.00 ZAR	new	Saint Ventura	Apparel & Accessories > Clothing > Shirts & Tops	tops
5-M-Baby Blue	Hood* of The Saints - Baby Blue - M	Premium oversized hoodie representing The Saints collective. Heavyweight cotton blend with dropped shoulders and kangaroo pocket.	https://saintventura.co.za/index.html	https://dl.dropboxusercontent.com/scl/fi/tv6xmtknl5e93s4q2rxvr/1-7.png?rlkey=6y8szp285r72rby6k6jkw8038&st=n6gbin36&dl=1	in stock	400.00 ZAR	new	Saint Ventura	Apparel & Accessories > Clothing > Shirts & Tops	tops
5-M-Black	Hood* of The Saints - Black - M	Premium oversized hoodie representing The Saints collective. Heavyweight cotton blend with dropped shoulders and kangaroo pocket.	https://saintventura.co.za/index.html	https://dl.dropboxusercontent.com/scl/fi/mtvek2orgliosk1e5w0zg/1-5.png?rlkey=akio0f1ps0tumeghs50q10blr&st=ktcib4de&dl=1	in stock	400.00 ZAR	new	Saint Ventura	Apparel & Accessories > Clothing > Shirts & Tops	tops
5-L-Baby Blue	Hood* of The Saints - Baby Blue - L	Premium oversized hoodie representing The Saints collective. Heavyweight cotton blend with dropped shoulders and kangaroo pocket.	https://saintventura.co.za/index.html	https://dl.dropboxusercontent.com/scl/fi/tv6xmtknl5e93s4q2rxvr/1-7.png?rlkey=6y8szp285r72rby6k6jkw8038&st=n6gbin36&dl=1	in stock	400.00 ZAR	new	Saint Ventura	Apparel & Accessories > Clothing > Shirts & Tops	tops
5-L-Black	Hood* of The Saints - Black - L	Premium oversized hoodie representing The Saints collective. Heavyweight cotton blend with dropped shoulders and kangaroo pocket.	https://saintventura.co.za/index.html	https://dl.dropboxusercontent.com/scl/fi/mtvek2orgliosk1e5w0zg/1-5.png?rlkey=akio0f1ps0tumeghs50q10blr&st=ktcib4de&dl=1	in stock	400.00 ZAR	new	Saint Ventura	Apparel & Accessories > Clothing > Shirts & Tops	tops
5-XL-Baby Blue	Hood* of The Saints - Baby Blue - XL	Premium oversized hoodie representing The Saints collective. Heavyweight cotton blend with dropped shoulders and kangaroo pocket.	https://saintventura.co.za/index.html	https://dl.dropboxusercontent.com/scl/fi/tv6xmtknl5e93s4q2rxvr/1-7.png?rlkey=6y8szp285r72rby6k6jkw8038&st=n6gbin36&dl=1	in stock	400.00 ZAR	new	Saint Ventura	Apparel & Accessories > Clothing > Shirts & Tops	tops
5-XL-Black	Hood* of The Saints - Black - XL	Premium oversized hoodie representing The Saints collective. Heavyweight cotton blend with dropped shoulders and kangaroo pocket.	https://saintventura.co.za/index.html	https://dl.dropboxusercontent.com/scl/fi/mtvek2orgliosk1e5w0zg/1-5.png?rlkey=akio0f1ps0tumeghs50q10blr&st=ktcib4de&dl=1	in stock	400.00 ZAR	new	Saint Ventura	Apparel & Accessories > Clothing > Shirts & Tops	tops
5-XXL-Baby Blue	Hood* of The Saints - Baby Blue - XXL	Premium oversized hoodie representing The Saints collective. Heavyweight cotton blend with dropped shoulders and kangaroo pocket.	https://saintventura.co.za/index.html	https://dl.dropboxusercontent.com/scl/fi/tv6xmtknl5e93s4q2rxvr/1-7.png?rlkey=6y8szp285r72rby6k6jkw8038&st=n6gbin36&dl=1	in stock	400.00 ZAR	new	Saint Ventura	Apparel & Accessories > Clothing > Shirts & Tops	tops
5-XXL-Black	Hood* of The Saints - Black - XXL	Premium oversized hoodie representing The Saints collective. Heavyweight cotton blend with dropped shoulders and kangaroo pocket.	https://saintventura.co.za/index.html	https://dl.dropboxusercontent.com/scl/fi/mtvek2orgliosk1e5w0zg/1-5.png?rlkey=akio0f1ps0tumeghs50q10blr&st=ktcib4de&dl=1	in stock	400.00 ZAR	new	Saint Ventura	Apparel & Accessories > Clothing > Shirts & Tops	tops
6-XS-Black	SV Utility Shirt - Black - XS	Functional utility shirt with multiple pockets and durable construction. Perfect blend of style and practicality for the modern creator.	https://saintventura.co.za/index.html	https://dl.dropboxusercontent.com/scl/fi/tg8jpo7hxksb5fmiyivo7/1-9.png?rlkey=wlaat82bhy29xpcyuyme0b1mi&st=p7wbg6k7&dl=1	in stock	400.00 ZAR	new	Saint Ventura	Apparel & Accessories > Clothing > Shirts & Tops	tops
6-S-Black	SV Utility Shirt - Black - S	Functional utility shirt with multiple pockets and durable construction. Perfect blend of style and practicality for the modern creator.	https://saintventura.co.za/index.html	https://dl.dropboxusercontent.com/scl/fi/tg8jpo7hxksb5fmiyivo7/1-9.png?rlkey=wlaat82bhy29xpcyuyme0b1mi&st=p7wbg6k7&dl=1	in stock	400.00 ZAR	new	Saint Ventura	Apparel & Accessories > Clothing > Shirts & Tops	tops
6-M-Black	SV Utility Shirt - Black - M	Functional utility shirt with multiple pockets and durable construction. Perfect blend of style and practicality for the modern creator.	https://saintventura.co.za/index.html	https://dl.dropboxusercontent.com/scl/fi/tg8jpo7hxksb5fmiyivo7/1-9.png?rlkey=wlaat82bhy29xpcyuyme0b1mi&st=p7wbg6k7&dl=1	in stock	400.00 ZAR	new	Saint Ventura	Apparel & Accessories > Clothing > Shirts & Tops	tops
6-L-Black	SV Utility Shirt - Black - L	Functional utility shirt with multiple pockets and durable construction. Perfect blend of style and practicality for the modern creator.	https://saintventura.co.za/index.html	https://dl.dropboxusercontent.com/scl/fi/tg8jpo7hxksb5fmiyivo7/1-9.png?rlkey=wlaat82bhy29xpcyuyme0b1mi&st=p7wbg6k7&dl=1	in stock	400.00 ZAR	new	Saint Ventura	Apparel & Accessories > Clothing > Shirts & Tops	tops
6-XL-Black	SV Utility Shirt - Black - XL	Functional utility shirt with multiple pockets and durable construction. Perfect blend of style and practicality for the modern creator.	https://saintventura.co.za/index.html	https://dl.dropboxusercontent.com/scl/fi/tg8jpo7hxksb5fmiyivo7/1-9.png?rlkey=wlaat82bhy29xpcyuyme0b1mi&st=p7wbg6k7&dl=1	in stock	400.00 ZAR	new	Saint Ventura	Apparel & Accessories > Clothing > Shirts & Tops	tops
6-XXL-Black	SV Utility Shirt - Black - XXL	Functional utility shirt with multiple pockets and durable construction. Perfect blend of style and practicality for the modern creator.	https://saintventura.co.za/index.html	https://dl.dropboxusercontent.com/scl/fi/tg8jpo7hxksb5fmiyivo7/1-9.png?rlkey=wlaat82bhy29xpcyuyme0b1mi&st=p7wbg6k7&dl=1	in stock	400.00 ZAR	new	Saint Ventura	Apparel & Accessories > Clothing > Shirts & Tops	tops
7-XS-Black	SV Cargo Pants - Black - XS	Premium cargo pants with multiple pockets and adjustable details. Essential streetwear piece combining functionality with Saint Ventura style.	https://saintventura.co.za/index.html	https://dl.dropboxusercontent.com/scl/fi/q82xmvf10v3bfth0yb9tb/1-17.png?rlkey=86y3k3tbqdqgs63h2gzs86d81&st=brqjs51u&dl=1	in stock	300.00 ZAR	new	Saint Ventura	Apparel & Accessories > Clothing > Pants	bottoms
7-S-Black	SV Cargo Pants - Black - S	Premium cargo pants with multiple pockets and adjustable details. Essential streetwear piece combining functionality with Saint Ventura style.	https://saintventura.co.za/index.html	https://dl.dropboxusercontent.com/scl/fi/q82xmvf10v3bfth0yb9tb/1-17.png?rlkey=86y3k3tbqdqgs63h2gzs86d81&st=brqjs51u&dl=1	in stock	300.00 ZAR	new	Saint Ventura	Apparel & Accessories > Clothing > Pants	bottoms
7-M-Black	SV Cargo Pants - Black - M	Premium cargo pants with multiple pockets and adjustable details. Essential streetwear piece combining functionality with Saint Ventura style.	https://saintventura.co.za/index.html	https://dl.dropboxusercontent.com/scl/fi/q82xmvf10v3bfth0yb9tb/1-17.png?rlkey=86y3k3tbqdqgs63h2gzs86d81&st=brqjs51u&dl=1	in stock	300.00 ZAR	new	Saint Ventura	Apparel & Accessories > Clothing > Pants	bottoms
7-L-Black	SV Cargo Pants - Black - L	Premium cargo pants with multiple pockets and adjustable details. Essential streetwear piece combining functionality with Saint Ventura style.	https://saintventura.co.za/index.html	https://dl.dropboxusercontent.com/scl/fi/q82xmvf10v3bfth0yb9tb/1-17.png?rlkey=86y3k3tbqdqgs63h2gzs86d81&st=brqjs51u&dl=1	in stock	300.00 ZAR	new	Saint Ventura	Apparel & Accessories > Clothing > Pants	bottoms
7-XL-Black	SV Cargo Pants - Black - XL	Premium cargo pants with multiple pockets and adjustable details. Essential streetwear piece combining functionality with Saint Ventura style.	https://saintventura.co.za/index.html	https://dl.dropboxusercontent.com/scl/fi/q82xmvf10v3bfth0yb9tb/1-17.png?rlkey=86y3k3tbqdqgs63h2gzs86d81&st=brqjs51u&dl=1	in stock	300.00 ZAR	new	Saint Ventura	Apparel & Accessories > Clothing > Pants	bottoms
7-XXL-Black	SV Cargo Pants - Black - XXL	Premium cargo pants with multiple pockets and adjustable details. Essential streetwear piece combining functionality with Saint Ventura style.	https://saintventura.co.za/index.html	https://dl.dropboxusercontent.com/scl/fi/q82xmvf10v3bfth0yb9tb/1-17.png?rlkey=86y3k3tbqdqgs63h2gzs86d81&st=brqjs51u&dl=1	in stock	300.00 ZAR	new	Saint Ventura	Apparel & Accessories > Clothing > Pants	bottoms
8-XS-Army Green	Ventura Crop Tank - Army Green - XS	Cropped tank top perfect for layering or standalone wear. Available in multiple colorways to match your personal style.	https://saintventura.co.za/index.html	https://dl.dropboxusercontent.com/scl/fi/j22zx7qt5efevtqmbki5a/1-10.png?rlkey=w1m9xosbjx5jiihn45l1o7hj7&st=9whfbavz&dl=1	in stock	300.00 ZAR	new	Saint Ventura	Apparel & Accessories > Clothing > Shirts & Tops	tops
8-XS-Black	Ventura Crop Tank - Black - XS	Cropped tank top perfect for layering or standalone wear. Available in multiple colorways to match your personal style.	https://saintventura.co.za/index.html	https://dl.dropboxusercontent.com/scl/fi/mud785w0gso758kjl8d0y/1-6.PNG?rlkey=wj0x9hpnflobqndsak1drzpxt&st=bvmxst4j&dl=1	in stock	300.00 ZAR	new	Saint Ventura	Apparel & Accessories > Clothing > Shirts & Tops	tops
8-XS-White	Ventura Crop Tank - White - XS	Cropped tank top perfect for layering or standalone wear. Available in multiple colorways to match your personal style.	https://saintventura.co.za/index.html	https://dl.dropboxusercontent.com/scl/fi/0izhvhpqgv7ym8o53dfk6/3-1.PNG?rlkey=34wr7bf7w9qr4aqcx8em9puv7&st=5xbyxbt1&dl=1	in stock	300.00 ZAR	new	Saint Ventura	Apparel & Accessories > Clothing > Shirts & Tops	tops
8-S-Army Green	Ventura Crop Tank - Army Green - S	Cropped tank top perfect for layering or standalone wear. Available in multiple colorways to match your personal style.	https://saintventura.co.za/index.html	https://dl.dropboxusercontent.com/scl/fi/j22zx7qt5efevtqmbki5a/1-10.png?rlkey=w1m9xosbjx5jiihn45l1o7hj7&st=9whfbavz&dl=1	in stock	300.00 ZAR	new	Saint Ventura	Apparel & Accessories > Clothing > Shirts & Tops	tops
8-S-Black	Ventura Crop Tank - Black - S	Cropped tank top perfect for layering or standalone wear. Available in multiple colorways to match your personal style.	https://saintventura.co.za/index.html	https://dl.dropboxusercontent.com/scl/fi/mud785w0gso758kjl8d0y/1-6.PNG?rlkey=wj0x9hpnflobqndsak1drzpxt&st=bvmxst4j&dl=1	in stock	300.00 ZAR	new	Saint Ventura	Apparel & Accessories > Clothing > Shirts & Tops	tops
8-S-White	Ventura Crop Tank - White - S	Cropped tank top perfect for layering or standalone wear. Available in multiple colorways to match your personal style.	https://saintventura.co.za/index.html	https://dl.dropboxusercontent.com/scl/fi/0izhvhpqgv7ym8o53dfk6/3-1.PNG?rlkey=34wr7bf7w9qr4aqcx8em9puv7&st=5xbyxbt1&dl=1	in stock	300.00 ZAR	new	Saint Ventura	Apparel & Accessories > Clothing > Shirts & Tops	tops
8-M-Army Green	Ventura Crop Tank - Army Green - M	Cropped tank top perfect for layering or standalone wear. Available in multiple colorways to match your personal style.	https://saintventura.co.za/index.html	https://dl.dropboxusercontent.com/scl/fi/j22zx7qt5efevtqmbki5a/1-10.png?rlkey=w1m9xosbjx5jiihn45l1o7hj7&st=9whfbavz&dl=1	in stock	300.00 ZAR	new	Saint Ventura	Apparel & Accessories > Clothing > Shirts & Tops	tops
8-M-Black	Ventura Crop Tank - Black - M	Cropped tank top perfect for layering or standalone wear. Available in multiple colorways to match your personal style.	https://saintventura.co.za/index.html	https://dl.dropboxusercontent.com/scl/fi/mud785w0gso758kjl8d0y/1-6.PNG?rlkey=wj0x9hpnflobqndsak1drzpxt&st=bvmxst4j&dl=1	in stock	300.00 ZAR	new	Saint Ventura	Apparel & Accessories > Clothing > Shirts & Tops	tops
8-M-White	Ventura Crop Tank - White - M	Cropped tank top perfect for layering or standalone wear. Available in multiple colorways to match your personal style.	https://saintventura.co.za/index.html	https://dl.dropboxusercontent.com/scl/fi/0izhvhpqgv7ym8o53dfk6/3-1.PNG?rlkey=34wr7bf7w9qr4aqcx8em9puv7&st=5xbyxbt1&dl=1	in stock	300.00 ZAR	new	Saint Ventura	Apparel & Accessories > Clothing > Shirts & Tops	tops
8-L-Army Green	Ventura Crop Tank - Army Green - L	Cropped tank top perfect for layering or standalone wear. Available in multiple colorways to match your personal style.	https://saintventura.co.za/index.html	https://dl.dropboxusercontent.com/scl/fi/j22zx7qt5efevtqmbki5a/1-10.png?rlkey=w1m9xosbjx5jiihn45l1o7hj7&st=9whfbavz&dl=1	in stock	300.00 ZAR	new	Saint Ventura	Apparel & Accessories > Clothing > Shirts & Tops	tops
8-L-Black	Ventura Crop Tank - Black - L	Cropped tank top perfect for layering or standalone wear. Available in multiple colorways to match your personal style.	https://saintventura.co.za/index.html	https://dl.dropboxusercontent.com/scl/fi/mud785w0gso758kjl8d0y/1-6.PNG?rlkey=wj0x9hpnflobqndsak1drzpxt&st=bvmxst4j&dl=1	in stock	300.00 ZAR	new	Saint Ventura	Apparel & Accessories > Clothing > Shirts & Tops	tops
8-L-White	Ventura Crop Tank - White - L	Cropped tank top perfect for layering or standalone wear. Available in multiple colorways to match your personal style.	https://saintventura.co.za/index.html	https://dl.dropboxusercontent.com/scl/fi/0izhvhpqgv7ym8o53dfk6/3-1.PNG?rlkey=34wr7bf7w9qr4aqcx8em9puv7&st=5xbyxbt1&dl=1	in stock	300.00 ZAR	new	Saint Ventura	Apparel & Accessories > Clothing > Shirts & Tops	tops
8-XL-Army Green	Ventura Crop Tank - Army Green - XL	Cropped tank top perfect for layering or standalone wear. Available in multiple colorways to match your personal style.	https://saintventura.co.za/index.html	https://dl.dropboxusercontent.com/scl/fi/j22zx7qt5efevtqmbki5a/1-10.png?rlkey=w1m9xosbjx5jiihn45l1o7hj7&st=9whfbavz&dl=1	in stock	300.00 ZAR	new	Saint Ventura	Apparel & Accessories > Clothing > Shirts & Tops	tops
8-XL-Black	Ventura Crop Tank - Black - XL	Cropped tank top perfect for layering or standalone wear. Available in multiple colorways to match your personal style.	https://saintventura.co.za/index.html	https://dl.dropboxusercontent.com/scl/fi/mud785w0gso758kjl8d0y/1-6.PNG?rlkey=wj0x9hpnflobqndsak1drzpxt&st=bvmxst4j&dl=1	in stock	300.00 ZAR	new	Saint Ventura	Apparel & Accessories > Clothing > Shirts & Tops	tops
8-XL-White	Ventura Crop Tank - White - XL	Cropped tank top perfect for layering or standalone wear. Available in multiple colorways to match your personal style.	https://saintventura.co.za/index.html	https://dl.dropboxusercontent.com/scl/fi/0izhvhpqgv7ym8o53dfk6/3-1.PNG?rlkey=34wr7bf7w9qr4aqcx8em9puv7&st=5xbyxbt1&dl=1	in stock	300.00 ZAR	new	Saint Ventura	Apparel & Accessories > Clothing > Shirts & Tops	tops
8-XXL-Army Green	Ventura Crop Tank - Army Green - XXL	Cropped tank top perfect for layering or standalone wear. Available in multiple colorways to match your personal style.	https://saintventura.co.za/index.html	https://dl.dropboxusercontent.com/scl/fi/j22zx7qt5efevtqmbki5a/1-10.png?rlkey=w1m9xosbjx5jiihn45l1o7hj7&st=9whfbavz&dl=1	in stock	300.00 ZAR	new	Saint Ventura	Apparel & Accessories > Clothing > Shirts & Tops	tops
8-XXL-Black	Ventura Crop Tank - Black - XXL	Cropped tank top perfect for layering or standalone wear. Available in multiple colorways to match your personal style.	https://saintventura.co.za/index.html	https://dl.dropboxusercontent.com/scl/fi/mud785w0gso758kjl8d0y/1-6.PNG?rlkey=wj0x9hpnflobqndsak1drzpxt&st=bvmxst4j&dl=1	in stock	300.00 ZAR	new	Saint Ventura	Apparel & Accessories > Clothing > Shirts & Tops	tops
8-XXL-White	Ventura Crop Tank - White - XXL	Cropped tank top perfect for layering or standalone wear. Available in multiple colorways to match your personal style.	https://saintventura.co.za/index.html	https://dl.dropboxusercontent.com/scl/fi/0izhvhpqgv7ym8o53dfk6/3-1.PNG?rlkey=34wr7bf7w9qr4aqcx8em9puv7&st=5xbyxbt1&dl=1	in stock	300.00 ZAR	new	Saint Ventura	Apparel & Accessories > Clothing > Shirts & Tops	tops
9-One Size Fits All-Black	Essential Beanie - Black - One Size Fits All	The ultimate essential for any streetwear wardrobe. This premium knit beanie features the iconic Saint Ventura logo and provides comfort and style for every season.	https://saintventura.co.za/index.html	https://dl.dropboxusercontent.com/scl/fi/sw3imbzsqend0zigd3yww/1-13.png?rlkey=iolsj7x1ryqxxh2t4okvw46zp&st=nryoy8dl&dl=1	in stock	200.00 ZAR	new	Saint Ventura	Apparel & Accessories > Clothing Accessories	accessories
10-13cm-Black	Onyx Bracelet By SV - Black - 13cm	Premium onyx bracelet featuring natural black stones. Handcrafted with Saint Ventura branding for the discerning streetwear enthusiast.	https://saintventura.co.za/index.html	https://dl.dropboxusercontent.com/scl/fi/xevb4s1aeggk0fjcwk85e/1-18.png?rlkey=vs9rk6nu79b5nwtdxme114crx&st=6fn852el&dl=1	in stock	60.00 ZAR	new	Saint Ventura	Apparel & Accessories > Clothing Accessories	accessories
10-14cm-Black	Onyx Bracelet By SV - Black - 14cm	Premium onyx bracelet featuring natural black stones. Handcrafted with Saint Ventura branding for the discerning streetwear enthusiast.	https://saintventura.co.za/index.html	https://dl.dropboxusercontent.com/scl/fi/xevb4s1aeggk0fjcwk85e/1-18.png?rlkey=vs9rk6nu79b5nwtdxme114crx&st=6fn852el&dl=1	in stock	60.00 ZAR	new	Saint Ventura	Apparel & Accessories > Clothing Accessories	accessories
10-15cm-Black	Onyx Bracelet By SV - Black - 15cm	Premium onyx bracelet featuring natural black stones. Handcrafted with Saint Ventura branding for the discerning streetwear enthusiast.	https://saintventura.co.za/index.html	https://dl.dropboxusercontent.com/scl/fi/xevb4s1aeggk0fjcwk85e/1-18.png?rlkey=vs9rk6nu79b5nwtdxme114crx&st=6fn852el&dl=1	in stock	60.00 ZAR	new	Saint Ventura	Apparel & Accessories > Clothing Accessories	accessories
10-16cm-Black	Onyx Bracelet By SV - Black - 16cm	Premium onyx bracelet featuring natural black stones. Handcrafted with Saint Ventura branding for the discerning streetwear enthusiast.	https://saintventura.co.za/index.html	https://dl.dropboxusercontent.com/scl/fi/xevb4s1aeggk0fjcwk85e/1-18.png?rlkey=vs9rk6nu79b5nwtdxme114crx&st=6fn852el&dl=1	in stock	60.00 ZAR	new	Saint Ventura	Apparel & Accessories > Clothing Accessories	accessories
10-17cm-Black	Onyx Bracelet By SV - Black - 17cm	Premium onyx bracelet featuring natural black stones. Handcrafted with Saint Ventura branding for the discerning streetwear enthusiast.	https://saintventura.co.za/index.html	https://dl.dropboxusercontent.com/scl/fi/xevb4s1aeggk0fjcwk85e/1-18.png?rlkey=vs9rk6nu79b5nwtdxme114crx&st=6fn852el&dl=1	in stock	60.00 ZAR	new	Saint Ventura	Apparel & Accessories > Clothing Accessories	accessories
10-18cm-Black	Onyx Bracelet By SV - Black - 18cm	Premium onyx bracelet featuring natural black stones. Handcrafted with Saint Ventura branding for the discerning streetwear enthusiast.	https://saintventura.co.za/index.html	https://dl.dropboxusercontent.com/scl/fi/xevb4s1aeggk0fjcwk85e/1-18.png?rlkey=vs9rk6nu79b5nwtdxme114crx&st=6fn852el&dl=1	in stock	60.00 ZAR	new	Saint Ventura	Apparel & Accessories > Clothing Accessories	accessories